1,39.250,"Spicer, Rachel",2011
2,39.000,"Spicer, Rachel",2011
3,38.975,"Hall, Lloimincia",2011
3,38.975,"Scaman, Haley",2011
5,38.950,"Wellick, Amanda",2011
6,38.900,"DeZiel, Jessie",2011
7,38.875,"Hughes, Breanna",2011
8,38.850,"Kmieciak, Keeley",2011
9,38.825,"DeZiel, Jessie",2011
9,38.825,"Spicer, Rachel",2011
11,38.775,"Dabritz, Georgia",2011
11,38.775,"Peko, Asi",2011
11,38.775,"Spicer, Rachel",2011
14,38.750,"Guy, Brianna",2011
14,38.750,"Persinger, Sarah",2011
16,38.725,"Lopez, Kassandra",2011
17,38.700,"Blanske, Hollie",2011
17,38.700,"DeZiel, Jessie",2011
17,38.700,"Ho, Dana",2011
17,38.700,"Priessman, Lexie",2011
21,38.675,"Blanske, Hollie",2011
21,38.675,"Kmieciak, Keeley",2011
21,38.675,"Kmieciak, Keeley",2011
21,38.675,"Miele, Annette",2011
21,38.675,"Suguyami, Sachi",2011
26,38.650,"Dabritz, Georgia",2011
26,38.650,"Hughes, Breanna",2011
26,38.650,"Kmieciak, Keeley",2011
26,38.650,"Li, Lauren",2011
30,38.625,"Haines, Rachel",2011
30,38.625,"Marenghi, Megan",2011
32,38.600,"Scaman, Haley",2011
32,38.600,"Williams, Kayla",2011
34,38.575,"McMurty, Alexandra",2011
34,38.575,"Miceli, Stephanie",2011
34,38.575,"Peko, Asi",2011
34,38.575,"Roe, Haylee",2011
34,38.575,"Skinner, Mykayla",2011
39,38.550,"Blanske, Hollie",2011
39,38.550,"Jane Rott, Mary",2011
39,38.550,"McMurtry, Alex",2011
42,38.525,"Cartwright, Alina",2011
42,38.525,"Clark, Kaitlyn",2011
42,38.525,"DeZiel, Jessie",2011
42,38.525,"JONES, CHARITY",2011
42,38.525,"Kmieciak, Keeley",2011
42,38.525,"Miele, Annette",2011
48,38.500,"McMurtry, Alex",2011
48,38.500,"Tutka, Rebecca",2011
50,38.475,"Courville, Rheaqgan",2011
50,38.475,"Hughes, Breanna",2011
50,38.475,"Mann, Caitlin",2011
50,38.475,"Swoboda, Nicolette",2011
50,38.475,"Williams, Grace",2011
55,38.450,"Blanske, Hollie",2011
55,38.450,"Capps, Chayse",2011
55,38.450,"Nichols, Maggie",2011
58,38.425,"Canizaro, Stephani",2011
58,38.425,"Hughes, Breanna",2011
58,38.425,"Kluz, Kathryn",2011
58,38.425,"Marenghi, Megan",2011
58,38.425,"Matcalf, Sheridan",2011
58,38.425,"Phipps, Tiara",2011
58,38.425,"Scaman, Haley ",2011
58,38.425,"Wang, Kiersten",2011
58,38.425,"Wellick, Amanda",2011
67,38.400,"Daum, Rachel",2011
67,38.400,"Jackson, Ali",2011
67,38.400,"Jordan, Jessie",2011
67,38.400,"Peko, Asi",2011
67,38.400,"Phipps, Tiara",2011
67,38.400,"Spicer, Rachel",2011
67,38.400,"Williams, Kayla",2011
67,38.400,"Wilson, Tory",2011
67,38.400,"Wyrick, Randii",2011
76,38.375,"Daum, Rachel",2011
76,38.375,"Guy, Brianna",2011
76,38.375,"Marenghi, Megan",2011
76,38.375,"McRobbie, Rebecca",2011
76,38.375,"Peko, Asi",2011
76,38.375,"Rowe, Baely",2011
76,38.375,"Sims, Carley",2011
76,38.375,"Whitcomb, Cassandra",2011
84,38.350,"DeZiel, Jessie",2011
84,38.350,"DeZiel, Jessie",2011
84,38.350,"Funches, Tenille",2011
84,38.350,"Funches, Tenille",2011
84,38.350,"Guerrero, Nichole",2011
84,38.350,"Ho, Dana",2011
84,38.350,"Lopez, Kassandra",2011
84,38.350,"Nichols, Maggie",2011
84,38.350,"Nichols, Maggie",2011
84,38.350,"Persinger, Sarah",2011
84,38.350,"Sugiyama, Sachi",2011
84,38.350,"Williams, Grace",2011
96,38.300,"Cartwright, Alina",2011
96,38.300,"Dabritz, Georgia",2011
96,38.300,"Delaney, Kailah",2011
96,38.300,"Flores, Allison",2011
96,38.300,"Freier, Erin",2011
96,38.300,"Gardner, Ciara",2011
96,38.300,"Grady, Sarah",2011
96,38.300,"Mann, Caitlin",2011
96,38.300,"Sims, Carley",2011
96,38.300,"Williams, Kayla",2011
,2011
,2011
1,39.025,"Lee, Sophia",2012
1,39.025,"Scaman, Haley",2012
3,39.000,"Bailey, Katie",2012
4,38.975,"Atkinson, Caitlin",2012
4,38.975,"Scaman, Haley",2012
6,38.950,"Atkinson, Caitlin",2012
7,38.925,"Atkinson, Caitlin",2012
7,38.925,"Hills, Cailee",2012
9,38.900,"Price, Elizabeth",2012
10,38.875,"Beers, Lauren",2012
10,38.875,"Jones, Charity",2012
10,38.875,"McMurtry, Alex",2012
10,38.875,"Rice, Taylor",2012
10,38.875,"Snead, Sydney",2012
15,38.850,"Moore, Kamerin",2012
16,38.825,"Mable, Lindsay",2012
16,38.825,"Mc Murtry, Alex",2012
16,38.825,"McMurtry, Alex",2012
16,38.825,"Sanders, Hayley",2012
20,38.800,"Kmieciak, Keeley",2012
20,38.800,"Williams, Grace",2012
22,38.775,"Dennis, Nia",2012
22,38.775,"Ho, Dana",2012
22,38.775,"Sims, Aja",2012
22,38.775,"WILLIAMS, GRACE",2012
22,38.775,"Williams, Grace",2012
22,38.775,"Williams, Grace",2012
28,38.750,"Glenn, Grace",2012
28,38.750,"Keelen, Cassidy",2012
30,38.725,"Brannan, Mackenzie",2012
30,38.725,"Gnat, Ashleigh",2012
30,38.725,"McNair, Nicolette",2012
30,38.725,"Scaman, Haley",2012
34,38.700,"Jones, Charity",2012
34,38.700,"Wellick, Amanda",2012
36,38.675,"Casanova, Briley",2012
37,38.650,"Atkinson, Caitlin",2012
37,38.650,"Edwards, Shelby",2012
37,38.650,"Oliva, Shonacee",2012
37,38.650,"Smith, Morgan",2012
41,38.625,"Boren, Alicia",2012
41,38.625,"Burt, Lisa",2012
41,38.625,"Burt, Lisa",2012
41,38.625,"Jackson, Alyssa",2012
41,38.625,"Jones, Charity",2012
41,38.625,"Roe, Haylee",2012
41,38.625,"Sims, Aja",2012
48,38.600,"Flam, Rachael",2012
48,38.600,"Guerrero, Nichole",2012
48,38.600,"Guerrero, Nichole",2012
48,38.600,"NcNair, Nicolette",2012
48,38.600,"Skinner, Mykayla",2012
48,38.600,"Williams, Grace",2012
48,38.600,"Williams, Grace",2012
48,38.600,"Wyrick, Randii",2012
56,38.575,"Atkinson, Caitlin",2012
56,38.575,"Kern, Claire",2012
58,38.550,"Becker, Katie",2012
58,38.550,"Daum, Rachel",2012
58,38.550,"Kmieciak, Keeley",2012
58,38.550,"Williams, Grace",2012
58,38.550,"Wyrick, Randii",2012
63,38.525,"Bailey, Katie",2012
63,38.525,"Beers, Lauren",2012
63,38.525,"Guerrero, Nichole",2012
63,38.525,"Jones, Charity",2012
63,38.525,"Wyrick, Randii",2012
68,38.500,"Broussard, Ashlyn",2012
68,38.500,"Broussard, Ashlyn",2012
68,38.500,"KMIECIAK, KEELEY",2012
68,38.500,"McMurtry, Alex",2012
68,38.500,"Scaman, Haley",2012
68,38.500,"Wyrick, Randii",2012
74,38.475,"Bailey, Katie",2012
74,38.475,"Beers, Lauren",2012
74,38.475,"Cherry, Gracie",2012
74,38.475,"Daum, Rachel",2012
74,38.475,"Mattern, Alexis",2012
74,38.475,"Moore, Kamerin",2012
80,38.450,"Beers, Lauren",2012
80,38.450,"Brown, Kiera",2012
80,38.450,"Glenn, Anna",2012
80,38.450,"Lee, Sophia",2012
80,38.450,"McNair, Nicolette",2012
80,38.450,"NcNair, Nicolette",2012
80,38.450,"Nogaki, Kristen",2012
87,38.425,"Gendusa, Nicole",2012
87,38.425,"Kmieciak, Keeley",2012
87,38.425,"Lee, Sophia",2012
87,38.425,"Miceli, Stephanie",2012
87,38.425,"Riley, Monica",2012
87,38.425,"Speed, Braie",2012
93,38.400,"Boren, Alicia",2012
93,38.400,"Burt, Lisa",2012
93,38.400,"Gardner, Bailey",2012
93,38.400,"Glenn, Anna",2012
93,38.400,"Hughes, Breanna",2012
93,38.400,"Miceli, Stephanie",2012
93,38.400,"Partyka, Samantha",2012
93,38.400,"Rice, Taylor",2012
93,38.400,"Richardson, Emily",2012
93,38.400,"Roe, Haylee",2012
93,38.400,"Rowe, Baely",2012
93,38.400,"Schennikova, Polina",2012
93,38.400,"Sims, Aja",2012
93,38.400,"Slappey, Emma",2012
93,38.400,"Wellick, Amanda",2012
,2012
,2012
1,39.300,"Snead, Sydney",2013
2,39.125,"Timothy, Oni",2013
3,39.025,"Brannan, Mackenzie",2013
3,39.025,"McMillan, Kaytianna",2013
5,39.000,"Gnat, Ashleigh",2013
6,38.900,"Boren, Alicia",2013
7,38.875,"Brannan, Mackenzie",2013
8,38.850,"Sims, Aja",2013
9,38.800,"Daum, Rachel",2013
9,38.800,"Wofford, McKenzie",2013
11,38.775,"Partyka, Samantha",2013
12,38.750,"Campbell, Reagan",2013
12,38.750,"Glenn, Anna",2013
12,38.750,"Nichols, Maggie",2013
12,38.750,"Stover, Maddy",2013
16,38.725,"Bailey, Katie",2013
16,38.725,"Brown, Brianna",2013
16,38.725,"Gardner, Bailey",2013
16,38.725,"Jane Horth, Mary",2013
16,38.725,"Sims, Aja",2013
16,38.725,"Wofford, McKenzie",2013
22,38.700,"Hosek, Mason",2013
23,38.675,"Haines, Rachel",2013
23,38.675,"Keelen, Cassidy",2013
25,38.650,"Brannan, Mackenzie",2013
25,38.650,"Hosek, Mason",2013
25,38.650,"Wellick, Amanda",2013
28,38.625,"Boren, Alicia",2013
28,38.625,"Campbell, Reagan",2013
28,38.625,"Dean, Bridget",2013
28,38.625,"Dessaints, Danielle",2013
28,38.625,"Gardner, Bailey",2013
28,38.625,"Lehrmann, Nicole",2013
28,38.625,"Sims, Aja-Monet",2013
28,38.625,"Williams, Grace",2013
36,38.600,"Haines, Rachel",2013
36,38.600,"Palomares, Desiree",2013
38,38.575,"Partyka, Samantha",2013
38,38.575,"Roe, Haylee",2013
38,38.575,"Shermetaro, Alyssa",2013
41,38.550,"George, Kyana",2013
41,38.550,"Jane Rott, Mary",2013
41,38.550,"JONES, CHARITY",2013
41,38.550,"Keelen, Cassidy",2013
41,38.550,"Lomonte, Leah",2013
41,38.550,"Showers, Brehanna",2013
41,38.550,"Speed, Braie",2013
41,38.550,"Zaziski, Paige",2013
49,38.525,"Broussard, Ashlyn",2013
49,38.525,"Broussard, Ashlyn",2013
49,38.525,"Haines, Rachel",2013
49,38.525,"Hutchins, Isabell",2013
49,38.525,"Jones, Charity",2013
49,38.525,"Keelen, Cassidy",2013
49,38.525,"Pflieger, Meghan",2013
49,38.525,"Stavrou, Jordan",2013
49,38.525,"Stavrou, Jordan",2013
49,38.525,"Williams, Grace",2013
59,38.500,"Hambrick, Myia",2013
59,38.500,"Ho, Dana",2013
59,38.500,"Lee, Kari",2013
59,38.500,"LEMKE, LINDSEY",2013
59,38.500,"Marchese, Emma",2013
59,38.500,"McMillan, Kaytianna",2013
59,38.500,"Metcalf, Melissa",2013
59,38.500,"Muhaw, Erika",2013
59,38.500,"Skinner, Mykayla",2013
68,38.475,"Collantes, Sandra",2013
68,38.475,"Daum, Rachel",2013
68,38.475,"Gardner, Bailey",2013
68,38.475,"Gnat, Ashleigh",2013
68,38.475,"Haines, Rachel",2013
68,38.475,"Hambrick, Myia",2013
68,38.475,"Howe, Emily",2013
68,38.475,"Kirby, Ashlyn",2013
68,38.475,"Lovan, Kara",2013
68,38.475,"Lukacs, Rachael",2013
68,38.475,"Lyons, Sarah",2013
68,38.475,"Merrell, MaKenna",2013
68,38.475,"Snead, Sydney",2013
68,38.475,"Wofford, McKenzie",2013
82,38.450,"Capps, Chayse",2013
82,38.450,"Cole, Kaylee",2013
82,38.450,"Cutler, Rachel",2013
82,38.450,"Daum, Rachel",2013
82,38.450,"Fassbender, Ericha",2013
82,38.450,"Gardner, Bailey",2013
82,38.450,"Gnat, Ashleigh",2013
82,38.450,"Haines, Rachel",2013
82,38.450,"Horth, Mary-Jane",2013
82,38.450,"Jane Horth, Mary",2013
82,38.450,"Lee, Kari",2013
82,38.450,"Lehrmann, Nicole",2013
82,38.450,"Lemke, Lindsey",2013
82,38.450,"McMurtry, Alex",2013
82,38.450,"Stypinski, Rachel",2013
97,38.425,"Burton, Michaela",2013
97,38.425,"Cherrey, Gracie",2013
97,38.425,"Cindric, Madison",2013
97,38.425,"Edney, Kennedi",2013
97,38.425,"Fassbender, Ericha",2013
97,38.425,"Guerrero, Nichole",2013
97,38.425,"Karr, Maddie",2013
97,38.425,"Lambert, Ashley",2013
97,38.425,"Marchese, Emma",2013
97,38.425,"McNair, Nicolette",2013
97,38.425,"Mulligan, Danielle",2013
97,38.425,"Roe, Haylee",2013
,2013
,2013
1,39.450,"Skinner, MyKayla",2014
2,39.300,"Baker, Kennedy",2014
3,39.025,"Lee, Kari",2014
4,39.000,"Glenn, Grace",2014
4,39.000,"Lee, Kari",2014
6,38.900,"Edney, Kennedi",2014
6,38.900,"Edney, Kennedi",2014
6,38.900,"Glenn, Grace",2014
9,38.875,"Dagen, Lacy",2014
9,38.875,"Williams, Grace",2014
11,38.800,"Edney, Kennedi",2014
11,38.800,"Guerra, Ariana",2014
11,38.800,"Osman, Madison",2014
11,38.800,"Williams, Grace",2014
15,38.775,"Dean, Bridget",2014
16,38.750,"Ramirez, Lauren",2014
17,38.725,"Brannan, Mackenzie",2014
17,38.725,"Glenn, Grace",2014
17,38.725,"Williams, Grace",2014
20,38.700,"Boren, Alicia",2014
20,38.700,"Boren, Alicia",2014
20,38.700,"Campbell, Reagan",2014
20,38.700,"Campbell, Reagan",2014
20,38.700,"Lehrmann, Nicole",2014
20,38.700,"Macadaeg, Erin",2014
20,38.700,"Ramirez, Lauren",2014
27,38.675,"Day, Stephanie",2014
27,38.675,"Glenn, Grace",2014
27,38.675,"Glenn, Grace",2014
27,38.675,"Sokolowski, Kierstin",2014
27,38.675,"Stover, Maddy",2014
27,38.675,"Winston, Kiana",2014
33,38.650,"Campbell, Reagan",2014
33,38.650,"Glenn, Anna",2014
33,38.650,"Lukacs, Rachael",2014
33,38.650,"Muhammad, Zaakira",2014
33,38.650,"Smith, Sarah",2014
33,38.650,"Stypinski, Rachel",2014
33,38.650,"Sylvia, Meredith",2014
33,38.650,"Williams, Grace",2014
41,38.625,"Childers, Wynter",2014
41,38.625,"Hedelund, Kaitlynn",2014
41,38.625,"Karas, Olivia",2014
44,38.600,"Bullitt, Makayla",2014
44,38.600,"Catour, Stefani",2014
44,38.600,"Snead, Sydney",2014
47,38.575,"Addison, Nikole",2014
47,38.575,"Keelen, Cassidy",2014
47,38.575,"Lukacs, Rachael",2014
47,38.575,"Metcalf, Melissa",2014
47,38.575,"Smith, Sarah",2014
52,38.550,"George, Kyana",2014
52,38.550,"Hambrick, Myia",2014
52,38.550,"Karr, Madeline",2014
52,38.550,"Nelson, Michaela",2014
52,38.550,"Williams, Toni-Ann",2014
57,38.525,"Lukacs, Rachael",2014
57,38.525,"Mahoney, Shea",2014
57,38.525,"Stover, Maddy",2014
60,38.500,"Edney, Kennedi",2014
60,38.500,"Guerrero, Nichole",2014
60,38.500,"Hambrick, Myia",2014
60,38.500,"Lane, Morgan",2014
60,38.500,"Magee, Mikayla",2014
60,38.500,"Metcalf, Melissa",2014
60,38.500,"Rivers, Kai",2014
60,38.500,"Shchennikova, Alyona",2014
68,38.475,"Burton, Michaela",2014
68,38.475,"COCA, KATRINA",2014
68,38.475,"Harrison, Taylor",2014
68,38.475,"Hilbourn, Renata",2014
68,38.475,"Jackson, Ali",2014
68,38.475,"Lee, Kari",2014
74,38.450,"Addison, Nikole",2014
74,38.450,"James, Griffin",2014
74,38.450,"LeDuc, Elizabeth",2014
74,38.450,"Osman, Madison",2014
74,38.450,"Szafranski, Kaitlyn",2014
74,38.450,"Tucker, Erin",2014
80,38.425,"Addison, Nikole",2014
80,38.425,"Baumann, Rachel",2014
80,38.425,"Dickson, Rachel",2014
80,38.425,"Harrison, Taylor",2014
80,38.425,"Hedelund, Kaitlynn",2014
80,38.425,"Lewis, Tiffani",2014
80,38.425,"Porter, Morgan",2014
80,38.425,"Showers, Brehanna",2014
80,38.425,"West, Brittany",2014
80,38.425,"Zaziski, Paige",2014
90,38.400,"Breen, Danielle",2014
90,38.400,"Burton, Michaela",2014
90,38.400,"Childers, Wynter",2014
90,38.400,"Harkness, Delanie",2014
90,38.400,"Karas, Olivia",2014
90,38.400,"Li, Lauren",2014
90,38.400,"Liddle, Emily",2014
90,38.400,"Schwartz, Julia",2014
90,38.400,"Smith, Sarah",2014
99,38.375,"Catour, Stefani",2014
99,38.375,"Catour, Stefani",2014
99,38.375,"Cherrey, Gracie",2014
99,38.375,"DeGuzman, Kaitlin",2014
99,38.375,"Lewis, Tiffani",2014
99,38.375,"Ramirez, Lauren",2014
99,38.375,"Smith, Ashley",2014
99,38.375,"Zaziski, Paige",2014
,2014
,2014
1,39.375,"DeGuzman, Kaitlin",2015
2,39.300,"Boren, Alicia",2015
3,39.200,"Toronjo, Macy",2015
4,39.125,"Boren, Alicia",2015
4,39.125,"Boren, Alicia",2015
4,39.125,"Edney, Kennedi",2015
7,39.075,"Edney, Kennedi",2015
7,39.075,"Merrell, MaKenna",2015
9,39.025,"Boren, Alicia",2015
9,39.025,"Edney, Kennedi",2015
11,39.000,"Edney, Kennedi",2015
11,39.000,"Mahoney, Shea",2015
13,38.975,"Boren, Alicia",2015
14,38.875,"Koshinski, Kirah",2015
14,38.875,"Lukacs, Rachael",2015
14,38.875,"Merrell, MaKenna",2015
17,38.850,"Schoepfer, Evy",2015
18,38.825,"Lukacs, Rachael",2015
18,38.825,"Toronjo, Macy",2015
20,38.800,"Boren, Alicia",2015
20,38.800,"DeGuzman, Kaitlin",2015
20,38.800,"Glenn, Anna",2015
20,38.800,"Koshinski, Kirah",2015
20,38.800,"Mahoney, Shea",2015
20,38.800,"Rose May, Camden",2015
26,38.775,"Dagen, Lacy",2015
26,38.775,"Keelan, Cassidy",2015
28,38.750,"Brooks, Brenna",2015
28,38.750,"Day, Stephanie",2015
28,38.750,"Glenn, Anna",2015
28,38.750,"Means, Sarah",2015
28,38.750,"Toronjo, Macy",2015
33,38.725,"Cole, Kaylee",2015
33,38.725,"Glenn, Anna",2015
35,38.700,"Armbrecht, Abigail",2015
35,38.700,"Krippner, Taylor",2015
37,38.675,"Al-Ashari, Alyssa",2015
37,38.675,"Boren, Alicia",2015
37,38.675,"Glenn, Anna",2015
37,38.675,"Osman, Madison",2015
41,38.650,"Toronjo, Macy",2015
42,38.625,"Al-Hameed, Alexa",2015
42,38.625,"Merrell, MaKenna",2015
42,38.625,"Roe, Haylee",2015
42,38.625,"Scott, Shaylah",2015
42,38.625,"Toronjo, Macy",2015
47,38.600,"Edney, Kennedi",2015
47,38.600,"Karr, Maddie",2015
47,38.600,"Kaufman, Abby",2015
47,38.600,"Knox, Kelsey",2015
47,38.600,"Mahoney, Shea",2015
47,38.600,"Sylvia, Meredith",2015
53,38.575,"Al-Hameed, Alexa",2015
53,38.575,"Brooks, Brenna",2015
53,38.575,"Campbell, Chae",2015
53,38.575,"Mahoney, Shea",2015
53,38.575,"O'hara, Maggie",2015
53,38.575,"Osman, Madison",2015
53,38.575,"Osman, Madison",2015
53,38.575,"Rivers, Kai",2015
53,38.575,"Schoepfer, Evy",2015
62,38.550,"Al-Hameed, Alexa",2015
62,38.550,"Brown, Lynnzee",2015
62,38.550,"Buford, Jade",2015
62,38.550,"Childers, Wynter",2015
62,38.550,"Graber, Lexi",2015
62,38.550,"Heiskell, Abby",2015
62,38.550,"Heiskell, Abby",2015
62,38.550,"Keelan, Cassidy",2015
62,38.550,"Kwan, Alaina",2015
62,38.550,"Lukacs, Rachael",2015
62,38.550,"Merrell, MaKenna",2015
62,38.550,"Merrell, Makenna",2015
62,38.550,"O'hara, Maggie",2015
62,38.550,"Roby, Kynsee",2015
62,38.550,"Toronjo, Macy",2015
77,38.525,"Johnson, Kiya",2015
77,38.525,"Karr, Maddie",2015
77,38.525,"Keelan, Cassidy",2015
77,38.525,"Leonard Baker, Cairo",2015
77,38.525,"Lukacs, Rachael",2015
77,38.525,"Lukacs, Rachel",2015
83,38.500,"Childers, Wynter",2015
83,38.500,"Flam, Rachael",2015
83,38.500,"Garner, Hailey",2015
83,38.500,"Heiskell, Abby",2015
83,38.500,"Politz, Kristen",2015
83,38.500,"Stone, Jamie",2015
83,38.500,"Wojcik, Natalie",2015
90,38.475,"Farley, Lauren",2015
90,38.475,"Hambrick, Kennedy",2015
90,38.475,"Heiskell, Abby",2015
90,38.475,"Koshinski, Kirah",2015
90,38.475,"McBride, Madisson",2015
90,38.475,"Rivers, Kai",2015
90,38.475,"Roby, Kynsee",2015
97,38.450,"Brenner, Abigail",2015
97,38.450,"Flam, Rachael",2015
97,38.450,"Huber, Anna",2015
97,38.450,"Leonard Baker, Cairo",2015
97,38.450,"Means, Sarah",2015
97,38.450,"Merrell, MaKenna",2015
97,38.450,"Peterson, Mariah",2015
97,38.450,"Rivers, Kai",2015
97,38.450,"Stone, Jamie",2015
,2015
,2015
1,39.225,"Flam, Rachael",2016
2,39.075,"Edney, Kennedi",2016
3,39.050,"Carey, Jade",2016
4,39.025,"Karr, Maddie",2016
4,39.025,"Tessen, Kimberly",2016
6,39.000,"Bryant, Kyla",2016
7,38.975,"Tessen, Kimberly",2016
7,38.975,"Tessen, Kimberly",2016
9,38.950,"Farley, Lauren",2016
9,38.950,"Wojcik, Natalie",2016
11,38.925,"Flam, Rachael",2016
11,38.925,"Stevens, Cassie",2016
13,38.900,"Edney, Kennedi",2016
13,38.900,"Tessen, Kimberly",2016
13,38.900,"Wilson, Gabryel",2016
16,38.875,"Carey, Jade",2016
16,38.875,"Graber, Lexi",2016
16,38.875,"Mahoney, Shea",2016
19,38.800,"Cashman, Amanda",2016
19,38.800,"Childers, Wynter",2016
19,38.800,"Laird, Sydney",2016
19,38.800,"Mahoney, Shea",2016
19,38.800,"Tessen, Kimberly",2016
24,38.750,"Dagen, Madison",2016
24,38.750,"Edney, Kennedi",2016
24,38.750,"Wilson, Gabryel",2016
27,38.725,"Richards, Payton",2016
27,38.725,"Scott, Shaylah",2016
29,38.700,"Brenner, Abigail",2016
29,38.700,"Bryant, Kyla",2016
29,38.700,"Childers, Wynter",2016
29,38.700,"Mariani, Madison",2016
33,38.675,"Baumann, Rachel",2016
33,38.675,"Doggette, Makarri",2016
33,38.675,"Li, Andrea",2016
33,38.675,"McClain, Karley",2016
33,38.675,"Osman, Madison",2016
38,38.650,"Brenner, Abby",2016
38,38.650,"Doggette, Makarri",2016
38,38.650,"Lukacs, Rachael",2016
38,38.650,"Mahoney, Shea",2016
38,38.650,"Marshall, Jaymes",2016
43,38.625,"Edwards, Elexis",2016
43,38.625,"Heiskell, Abby",2016
43,38.625,"Karr, Madeline",2016
43,38.625,"Li, Andrea",2016
43,38.625,"Lukacs, Rachael",2016
43,38.625,"Moody, Deiah",2016
43,38.625,"Osman, Madison",2016
43,38.625,"Salem, Victoria",2016
51,38.600,"Flam, Rachael",2016
51,38.600,"Karr, Maddie",2016
51,38.600,"Wilson, Gabryel",2016
51,38.600,"Wojcik, Natalie",2016
55,38.575,"Carey, Jade",2016
55,38.575,"Flam, Rachael",2016
55,38.575,"Flam, Rachael",2016
55,38.575,"Garner, Hailey",2016
55,38.575,"Graber, Lexi",2016
55,38.575,"Heiskell, Abby",2016
55,38.575,"Karr, Maddie",2016
55,38.575,"Keelen, Cassidy",2016
55,38.575,"Lukacs, Rachael",2016
55,38.575,"Scott, Shaylah",2016
55,38.575,"Subject, Akoray",2016
66,38.550,"Bauman, Carly",2016
66,38.550,"George, Kyana",2016
66,38.550,"Laird, Sydney",2016
66,38.550,"Maxim, Anne",2016
66,38.550,"Randall, Adrienne",2016
66,38.550,"Webb, Anastasia",2016
66,38.550,"Yanish, Kaitlyn",2016
73,38.525,"Bauman, Carly",2016
73,38.525,"Brenner, Abigail",2016
73,38.525,"Glenn, Grace",2016
73,38.525,"Jorgensen, Autumn",2016
73,38.525,"Li, Andrea",2016
73,38.525,"Mariani, Madison",2016
73,38.525,"Quinn, Kaylee",2016
73,38.525,"Tucker, Aspen",2016
81,38.500,"Brenner, Abigail",2016
81,38.500,"Johnston, Abigail",2016
81,38.500,"Levi, Jordan",2016
81,38.500,"Marchese, Emma",2016
81,38.500,"Mariani, Madison",2016
81,38.500,"Quinn, Kaylee",2016
81,38.500,"Ramirez, Lauren",2016
81,38.500,"Salem, Victoria",2016
81,38.500,"Tessen, Kimberly",2016
81,38.500,"Widner, Chloe",2016
81,38.500,"Wilson, Gabryel",2016
92,38.475,"Carey, Jade",2016
92,38.475,"Dickson, Rachel",2016
92,38.475,"Houchin, Taylor",2016
92,38.475,"Isa, Cristal",2016
92,38.475,"Koulos, Nicoletta",2016
92,38.475,"Osman, Madison",2016
92,38.475,"Pavicic, McKinley",2016
92,38.475,"Reinstadtler, Melissa",2016
92,38.475,"Stevens, Cassie",2016
92,38.475,"Wojcik, Natalie",2016
,2016
,2016
1,39.275,"Flam, Rachael",2017
2,39.125,"Scott, Shaylah",2017
2,39.125,"Wojcik, Natalie",2017
4,39.100,"Li, Andrea",2017
5,39.075,"Lockhart, Amoree",2017
6,39.025,"Navarro, Lauren",2017
7,39.000,"Li, Andrea",2017
8,38.975,"Navarro, Lauren",2017
9,38.950,"Brenner, Abby",2017
9,38.950,"Rivers, Kai",2017
9,38.950,"Rivers, Kai",2017
12,38.925,"Levi, Jordan",2017
12,38.925,"Li, Andrea",2017
12,38.925,"Stevens, Cassie",2017
15,38.900,"Bauman, Carly",2017
15,38.900,"Blanco, Luisa",2017
15,38.900,"Eksteen, Cathy",2017
18,38.875,"Gobourne, Derrian",2017
18,38.875,"Graber, Lexi",2017
18,38.875,"Lawson, Taylor",2017
18,38.875,"Rivers, Kai",2017
18,38.875,"Rivers, Kai",2017
23,38.850,"Skaggs, Megan",2017
24,38.825,"Mariani, Madison",2017
24,38.825,"Ramler, Lexy",2017
24,38.825,"Widner, Chloe",2017
27,38.800,"Bordas, Maya",2017
27,38.800,"Dennis, Nia",2017
27,38.800,"Isa, Cristal",2017
27,38.800,"Mundell, Rylie",2017
31,38.775,"Lukacs, Rachael",2017
31,38.775,"Magee, Mikayla",2017
31,38.775,"Rucker, Jaedyn",2017
31,38.775,"Russon, Taylor",2017
31,38.775,"Stevens, Cassie",2017
36,38.750,"Brenner, Abby",2017
36,38.750,"Dagen, Madison",2017
36,38.750,"Dennis, Nia",2017
36,38.750,"Doggette, Makarri",2017
36,38.750,"Doggette, Makarri",2017
36,38.750,"Flam, Rachael",2017
36,38.750,"Johnston, Abigail",2017
36,38.750,"McCallum, Grace",2017
44,38.725,"Bordas, Maya",2017
44,38.725,"Li, Andrea",2017
44,38.725,"Mariani, Madison",2017
44,38.725,"Watson, Drew",2017
48,38.700,"Brown, Lynnzee",2017
48,38.700,"Bruden, Tatum",2017
48,38.700,"Dennis, Nia",2017
48,38.700,"Doggette, Makarri",2017
48,38.700,"Flam, Rachael",2017
48,38.700,"Li, Andrea",2017
48,38.700,"McCallum, Grace",2017
48,38.700,"McClain, Karley",2017
48,38.700,"Ramler, Lexy",2017
48,38.700,"Rivers, Kai",2017
48,38.700,"Roby, Kynsee",2017
48,38.700,"Yanish, Kaitlyn",2017
60,38.675,"Farley, Lauren",2017
60,38.675,"Graber, Lexi",2017
60,38.675,"Isa, Cristal",2017
60,38.675,"LeVasseur, Katherine",2017
60,38.675,"Raymond, Olivia",2017
60,38.675,"Stevens, Cassie",2017
60,38.675,"Wilson, Gabryel",2017
67,38.650,"Dagen, Madison",2017
67,38.650,"Dagen, Madison",2017
67,38.650,"Ferrer, Bailey",2017
67,38.650,"George, Kyana",2017
67,38.650,"Li, Andrea",2017
67,38.650,"McClain, Karley",2017
67,38.650,"Schoepfer, Evy",2017
67,38.650,"Waligora, Matilyn",2017
67,38.650,"Wojcik, Natalie",2017
67,38.650,"Wojcik, Natalie",2017
77,38.625,"Brenner, Abby",2017
77,38.625,"Brusch, Aria",2017
77,38.625,"Bryant, Haleigh",2017
77,38.625,"Flam, Rachael",2017
77,38.625,"Graber, Lexi",2017
77,38.625,"Iwai, Momoko",2017
77,38.625,"Lockhart, Amoree",2017
77,38.625,"Schank, Nina",2017
77,38.625,"Wilson, Gabryel",2017
77,38.625,"Wojcik, Natalie",2017
77,38.625,"Wojcik, Natalie",2017
88,38.600,"Flam, Rachael",2017
88,38.600,"Jones, Talitha",2017
88,38.600,"Levi, Jordan",2017
88,38.600,"Mariani, Madison",2017
88,38.600,"Navarro, Lauren",2017
88,38.600,"Schoepfer, Evy",2017
88,38.600,"Yanish, Kaitlyn",2017
95,38.575,"Bordas, Maya",2017
95,38.575,"Bryant, Haleigh",2017
95,38.575,"Dennis, Nia",2017
95,38.575,"Flam, Rachael",2017
95,38.575,"Hoffman, Jillian",2017
95,38.575,"Lane, Ashley",2017
95,38.575,"Lukacs, Rachael",2017
95,38.575,"Mariani, Madison",2017
95,38.575,"Schank, Nina",2017
95,38.575,"Waligora, Matilyn",2017
95,38.575,"Webb, Anastasia",2017
95,38.575,"Widner, Chloe",2017
,2017
,2017
1,39.275,"Levi, Jordan",2018
2,39.225,"Li, Andrea",2018
3,39.175,"Wilson, Gabryel",2018
4,39.075,"Brooks, Sierra",2018
4,39.075,"Rucker, Jaedyn",2018
6,39.050,"Li, Andrea",2018
6,39.050,"Lukacs, Rachael",2018
6,39.050,"Smith, Quinn",2018
9,39.025,"Bryant, Haleigh",2018
9,39.025,"Gobourne, Derrian",2018
9,39.025,"Widner, Chloe",2018
12,39.000,"Bryant, Haleigh",2018
12,39.000,"Lukacs, Rachael",2018
12,39.000,"Wojcik, Natalie",2018
15,38.975,"Lukacs, Rachael",2018
16,38.950,"Lukacs, Rachael",2018
17,38.925,"Doggette, Makarri",2018
18,38.900,"Johnson, Kiya",2018
18,38.900,"Li, Andrea",2018
18,38.900,"Stevens, Cassie",2018
18,38.900,"Walker, Raegan",2018
18,38.900,"Wilson, Gabryel",2018
23,38.875,"Brooks, Sierra",2018
23,38.875,"Heiskell, Abby",2018
23,38.875,"Hu, Helen",2018
23,38.875,"Johnson, Kiya",2018
23,38.875,"Li, Andrea",2018
23,38.875,"Rothenbuescher, Alexa",2018
29,38.850,"Li, Andrea",2018
29,38.850,"Mundell, Rylie",2018
29,38.850,"Quay, Kennedy",2018
32,38.800,"Bryant, Haleigh",2018
32,38.800,"Heiskell, Abby",2018
32,38.800,"Johnson-Scharpf, Sydney",2018
32,38.800,"McClain, Karley",2018
32,38.800,"Walker, Raegan",2018
37,38.775,"Dekanoidze, Lali",2018
37,38.775,"Johnson, Kiya",2018
37,38.775,"Lane, Ashley",2018
37,38.775,"Li, Andrea",2018
37,38.775,"Wojcik, Natalie",2018
42,38.750,"Brenner, Abby",2018
42,38.750,"Ferrer, Bailey",2018
42,38.750,"Salcedo, Isabella",2018
42,38.750,"Trautman, Olivia",2018
46,38.725,"Johnston, Abigail",2018
46,38.725,"Murphy, Payton",2018
46,38.725,"Wilson, Gabryel",2018
49,38.700,"Bordas, Maya",2018
49,38.700,"Fehring, Julianne",2018
49,38.700,"Gobourne, Derrian",2018
49,38.700,"Isa, Cristal",2018
49,38.700,"McClain, Karley",2018
49,38.700,"Randall, Adrienne",2018
49,38.700,"Walker, Raegan",2018
56,38.675,"Miner, Sadie",2018
56,38.675,"Rivers, Kai",2018
56,38.675,"Rucker, Jaedyn",2018
56,38.675,"Torrez, Faith",2018
56,38.675,"Trautman, Olivia",2018
61,38.650,"Al-Hameed, Alexa",2018
61,38.650,"Brooks, Sierra",2018
61,38.650,"Dekanoidze, Lali",2018
61,38.650,"Deniz, Vanesa",2018
61,38.650,"Frazier, Margzetta",2018
61,38.650,"Gobourne, Derrian",2018
61,38.650,"Li, Andrea",2018
61,38.650,"Morrison, Naomi",2018
61,38.650,"Rucker, Jaedyn",2018
61,38.650,"Widner, Chloe",2018
71,38.625,"Bauman, Carly",2018
71,38.625,"Bauman, Carly",2018
71,38.625,"Bauman, Carly",2018
71,38.625,"Bird, Kayla",2018
71,38.625,"Cashman, Amanda",2018
71,38.625,"Dagen, Madison",2018
71,38.625,"Dekanoidze, Lali",2018
71,38.625,"Hoffman, Jillian",2018
71,38.625,"Howard, Naya",2018
71,38.625,"Johnson, Kiya",2018
71,38.625,"Johnston, Abigail",2018
71,38.625,"Mizuki, Mallory",2018
71,38.625,"Neault, Brenna",2018
84,38.600,"Bauman, Carly",2018
84,38.600,"DeBarberie, Elizabeth",2018
84,38.600,"Doggette, Makarri",2018
84,38.600,"Gobourne, Derrian",2018
84,38.600,"Johnson, Kiya",2018
84,38.600,"Osterhout, Tayler",2018
84,38.600,"Thaler, Kathryn",2018
84,38.600,"Torrez, Faith",2018
84,38.600,"Waligora, Matilyn",2018
93,38.575,"Al-Ashari, Alyssa",2018
93,38.575,"Clapper, Leah",2018
93,38.575,"Dagen, Madison",2018
93,38.575,"DeSouza, Nevaeh",2018
93,38.575,"Johnson-Scharpf, Sydney",2018
93,38.575,"Jones, Talitha",2018
93,38.575,"Murakami, Shylen",2018
93,38.575,"Quinn, Kaylee",2018
93,38.575,"Rivers, Kai",2018
93,38.575,"Rucker, Jaedyn",2018
93,38.575,"Ruiz, Alexandria",2018
93,38.575,"Sabados, Adeline",2018
93,38.575,"Thompson, Hallie",2018
,2018
,2018
1,39.400,"Johnson, Kiya",2019
2,39.375,"Doggette, Makarri",2019
3,39.350,"Brooks, Sierra",2019
3,39.350,"Hoffman, Jillian",2019
5,39.300,"Torrez, Faith",2019
6,39.275,"Johnson, Kiya",2019
7,39.250,"Brooks, Sierra",2019
7,39.250,"Li, Andrea",2019
7,39.250,"Wilson, Gabryel",2019
10,39.200,"Brooks, Sierra",2019
11,39.175,"Johnson, Kiya",2019
12,39.150,"Brooks, Sierra",2019
12,39.150,"Campbell, Chae",2019
12,39.150,"DeSouza, Nevaeh",2019
15,39.125,"Widner, Chloe",2019
16,39.100,"Bryant, Haleigh",2019
17,39.075,"Harris, Selena",2019
17,39.075,"Widner, Chloe",2019
19,39.050,"Brooks, Sierra",2019
19,39.050,"Bryant, Haleigh",2019
19,39.050,"Schulte, Skyla",2019
19,39.050,"Torrez, Faith",2019
23,39.025,"Li, Andrea",2019
23,39.025,"Moran, Jacquie",2019
25,39.000,"Bryant, Haleigh",2019
25,39.000,"Harris, Selena",2019
25,39.000,"Torrez, Faith",2019
28,38.975,"Celestine, Amari",2019
28,38.975,"Neault, Brenna",2019
28,38.975,"Stevens, Cassie",2019
31,38.950,"Hoffman, Jillian",2019
31,38.950,"Johnson, Kiya",2019
31,38.950,"Lazzari, Ellie",2019
31,38.950,"O'Keefe, Maile",2019
31,38.950,"Wilson, Gabryel",2019
36,38.925,"Fletcher, Danae",2019
36,38.925,"O'Keefe, Maile",2019
36,38.925,"Wilson, Gabryel",2019
39,38.900,"Harris, Selena",2019
39,38.900,"Johnson, Kiya",2019
39,38.900,"Johnson, Kiya",2019
39,38.900,"Johnston, Madeleine",2019
39,38.900,"Lincoln, Kaliya",2019
39,38.900,"Rivers, Kai",2019
39,38.900,"Thompson, Sage",2019
46,38.875,"Bacheler, Lindsay",2019
46,38.875,"Campbell, Chae",2019
46,38.875,"DeSouza, Nevaeh",2019
46,38.875,"Doggette, Makarri",2019
46,38.875,"Lazzari, Ellie",2019
46,38.875,"Moran, Jacquie",2019
46,38.875,"Schulte, Skyla",2019
53,38.850,"Torrez, Faith",2019
53,38.850,"Tyson, Haley",2019
55,38.825,"Gonzales, Sydney",2019
55,38.825,"Hoffman, Jillian",2019
55,38.825,"Li, Andrea",2019
58,38.800,"Brooks, Sierra",2019
58,38.800,"Dekanoidze, Lali",2019
58,38.800,"Doggette, Makarri",2019
58,38.800,"Groth, Sophia",2019
58,38.800,"Hawthorne, Soraya",2019
58,38.800,"Joyner, Hannah",2019
58,38.800,"Li, Andrea",2019
58,38.800,"Li, Andrea",2019
58,38.800,"Richards, Payton",2019
58,38.800,"Thompson, Abbie",2019
58,38.800,"Tyson, Haley",2019
69,38.775,"Dean, Claire",2019
69,38.775,"Killough-Wilhelm, Skylar",2019
69,38.775,"LeVasseur, Katherine",2019
72,38.750,"Bacheler, Lindsay",2019
72,38.750,"Doggette, Makarri",2019
72,38.750,"Doggette, Makarri",2019
72,38.750,"Fink, Gwendolyn",2019
72,38.750,"Hu, Helen",2019
72,38.750,"Killough-Wilhelm, Skylar",2019
72,38.750,"Takekawa, Mia",2019
72,38.750,"Torrez, Faith",2019
80,38.725,"Brooks, Sierra",2019
80,38.725,"DeMers, Hannah",2019
80,38.725,"Harris, Selena",2019
80,38.725,"Hooten, Mya",2019
80,38.725,"Hu, Helen",2019
80,38.725,"Hutchinson, Jessica",2019
80,38.725,"Lincoln, Kaliya",2019
80,38.725,"Mundell, Rylie",2019
80,38.725,"Rivers, Kai",2019
80,38.725,"Rivers, Kai",2019
80,38.725,"Torrez, Faith",2019
80,38.725,"Worley, Raena",2019
80,38.725,"Worley, Raena",2019
80,38.725,"Zirbes, Ella",2019
94,38.700,"Fletcher, Danae",2019
94,38.700,"Gianfagna, Kiara",2019
94,38.700,"Li, Andrea",2019
94,38.700,"Sullivan, Sofi",2019
94,38.700,"Vore, Jacey",2019
99,38.450,"Eaker, Kara",2019
99,38.450,"Smith, Lily",2019
,2019
,2019
1,39.275,"Vore, Jacey",2020
2,39.100,"Vore, Jacey",2020
3,39.075,"Harris, Selena",2020
4,39.050,"Li, Andrea",2020
4,39.050,"Thompson, Abbie",2020
6,39.025,"Bryant, Haleigh",2020
6,39.025,"Celestine, Amari",2020
6,39.025,"Morrison, Naomi",2020
9,39.000,"Killough-Wilhelm, Skylar",2020
9,39.000,"Li, Andrea",2020
11,38.975,"Blackson, Courtney",2020
11,38.975,"Bryant, Haleigh",2020
11,38.975,"Dekanoidze, Lali",2020
14,38.950,"Otsu, Emma",2020
15,38.925,"Aderinto, Mikaile",2020
15,38.925,"Keck, Laci",2020
15,38.925,"Mundell, Rylie",2020
15,38.925,"Nguyen, Taralyn",2020
19,38.900,"Bauman, Carly",2020
19,38.900,"Perea, Gabby",2020
21,38.875,"Dekanoidze, Lali",2020
21,38.875,"Lauzon, Mya",2020
21,38.875,"Thompson, Sage",2020
21,38.875,"Wang, Sherry",2020
25,38.850,"Briones, Natalie",2020
25,38.850,"Neault, Brenna",2020
25,38.850,"Ulrich, Madison",2020
25,38.850,"Ulrich, Madison",2020
29,38.825,"Harris, Selena",2020
29,38.825,"Lauzon, Mya",2020
29,38.825,"Mundell, Rylie",2020
29,38.825,"Sabado, Alani",2020
33,38.800,"Bowers, Jordan",2020
33,38.800,"Campbell, Chae",2020
33,38.800,"Harris, Selena",2020
33,38.800,"Perea, Gabby",2020
33,38.800,"Thompson, Abbie",2020
38,38.775,"Li, Andrea",2020
38,38.775,"Mueller, Abigail",2020
38,38.775,"Mustari, Haley",2020
38,38.775,"Paradise, Jordyn",2020
38,38.775,"Smith, Caitlin",2020
38,38.775,"Smith, Lily",2020
44,38.750,"Bowers, Jordan",2020
44,38.750,"Deets, Elena",2020
44,38.750,"Fears, Alysen",2020
47,38.725,"Bauman, Carly",2020
47,38.725,"Bauman, Carly",2020
47,38.725,"Campbell, Chae",2020
47,38.725,"Celestine, Amari",2020
47,38.725,"Celestine, Amari",2020
47,38.725,"Johnston, Madeleine",2020
47,38.725,"LeVasseur, Katherine",2020
47,38.725,"Schulte, Skyla",2020
47,38.725,"Smith, Nikki",2020
56,38.700,"Blackson, Courtney",2020
56,38.700,"Gilstrap, Jaylene",2020
56,38.700,"LeVasseur, Katherine",2020
56,38.700,"Neault, Brenna",2020
60,38.675,"Celestine, Amari",2020
60,38.675,"Fleming-Middleton, Zoe",2020
60,38.675,"Neault, Brenna",2020
63,38.650,"Gamiao, Kalyxta",2020
63,38.650,"Gilstrap, Jaylene",2020
63,38.650,"Hutchinson, Jessica",2020
63,38.650,"Lazzari, Eliana",2020
63,38.650,"Li, Andrea",2020
63,38.650,"Thompson, Abbie",2020
69,38.625,"Bacheler, Lindsay",2020
69,38.625,"Bauman, Carly",2020
69,38.625,"LaPlante, Kendall",2020
69,38.625,"Lin, Kristin",2020
69,38.625,"Morris, Sydney",2020
69,38.625,"Smith, Makenna",2020
69,38.625,"Theodorou, Alexandra",2020
76,38.600,"Beard, Annie",2020
76,38.600,"Cesario, Ella",2020
76,38.600,"Dunne, Olivia",2020
76,38.600,"Dunne, Olivia",2020
76,38.600,"Fears, Alysen",2020
76,38.600,"Gladieux, Gabrielle",2020
76,38.600,"Kipp, Maddie",2020
76,38.600,"Smith, Quinn",2020
76,38.600,"Vore, Jacey",2020
85,38.575,"Celestine, Amari",2020
85,38.575,"Fears, Alysen",2020
85,38.575,"Fink, Gwendolyn",2020
85,38.575,"Fink, Gwendolyn",2020
85,38.575,"Killough-Wilhelm, Skylar",2020
85,38.575,"Roberts, Anna",2020
85,38.575,"Sabado, Alani",2020
85,38.575,"Smith, Miranda",2020
85,38.575,"Soza, Deanna",2020
85,38.575,"Thompson, Abbie",2020
95,38.550,"Bruce, Lily",2020
95,38.550,"Coen, Kylie",2020
95,38.550,"Fleming-Middleton, Zoe",2020
95,38.550,"Lincoln, Kaliya",2020
95,38.550,"Mangahas, Jada",2020
95,38.550,"Paradise, Jordyn",2020
95,38.550,"Piedrahita, Ava",2020
95,38.550,"Theodorou, Alexandra",2020
,2020
,2020
1,39.600,"Blakely, Sloane",2021
2,39.375,"Smith, Leah",2021
3,39.300,"Theodorou, Alexandra",2021
4,39.275,"Blakely, Sloane",2021
4,39.275,"Torrez, Faith",2021
6,39.225,"Coen, Kylie",2021
7,39.200,"Blakely, Sloane",2021
7,39.200,"Blakely, Sloane",2021
7,39.200,"Dekanoidze, Lali",2021
7,39.200,"Linker, Moorea",2021
7,39.200,"Theodorou, Alexandra",2021
12,39.175,"Price, Morgan",2021
12,39.175,"Schulte, Skyla",2021
14,39.150,"Bourque, Bridget",2021
15,39.125,"Paradise, Jordyn",2021
15,39.125,"Smith, Leah",2021
17,39.100,"Hudson, Lilly",2021
18,39.075,"Tyson, Haley",2021
19,39.050,"Wilson, Bryce",2021
20,39.025,"Smith, Lily",2021
20,39.025,"Theodorou, Alexandra",2021
22,39.000,"Bourque, Bridget",2021
22,39.000,"Neff, Avery",2021
24,38.975,"Smith, Nikki",2021
24,38.975,"Ulrich, Madison",2021
26,38.950,"Harris, Selena",2021
26,38.950,"Harris, Selena",2021
26,38.950,"Schulte, Skyla",2021
29,38.925,"Bourque, Bridget",2021
29,38.925,"Bowers, Jordan",2021
29,38.925,"Coen, Kylie",2021
29,38.925,"Hudson, Lilly",2021
29,38.925,"Iwai, Momoko",2021
29,38.925,"Neff, Avery",2021
29,38.925,"Neff, Avery",2021
29,38.925,"Sievers, Danielle",2021
29,38.925,"Smith, Caitlin",2021
29,38.925,"Tyson, Haley",2021
39,38.900,"Dekanoidze, Lali",2021
39,38.900,"Fink, Gwen",2021
39,38.900,"Gamiao, Kalyxta",2021
39,38.900,"Sears, Jamison",2021
39,38.900,"Weilbacher, Kathryn",2021
44,38.875,"Aird, Elia",2021
44,38.875,"Celestine, Amari",2021
44,38.875,"Price, Morgan",2021
47,38.850,"Adams, Noelle",2021
47,38.850,"Dean, Claire",2021
47,38.850,"Dean, Claire",2021
47,38.850,"Finnell, Kieryn",2021
47,38.850,"Green, Makayla",2021
47,38.850,"Harris, Selena",2021
47,38.850,"Iwai, Momoko",2021
47,38.850,"Marcheli, Mallory",2021
47,38.850,"Paradise, Jordyn",2021
47,38.850,"Vore, Jacey",2021
57,38.825,"Celestine, Amari",2021
57,38.825,"Coen, Kylie",2021
57,38.825,"Grimes, Kaitlyn",2021
57,38.825,"Smith, Nikki",2021
57,38.825,"Vetter, Tory",2021
57,38.825,"Vides, Abigael",2021
63,38.800,"Ballou, Nina",2021
63,38.800,"Gantner, Elizabeth",2021
63,38.800,"Hudson, Lilly",2021
63,38.800,"LaCoursiere, Chloe",2021
63,38.800,"Scheible, Hannah",2021
63,38.800,"Smith, Leah",2021
63,38.800,"Smith, Makenna",2021
63,38.800,"Vides, Abigael",2021
71,38.775,"Blakely, Sloane",2021
71,38.775,"Dekanoidze, Lali",2021
71,38.775,"Fears, Alysen",2021
71,38.775,"Howard, Naya",2021
71,38.775,"Neff, Avery",2021
71,38.775,"Smith, Nikki",2021
77,38.750,"Celestine, Amari",2021
77,38.750,"Dekanoidze, Lali",2021
77,38.750,"Dekanoidze, Lali",2021
77,38.750,"Hong, Clara",2021
77,38.750,"Hudson, Lilly",2021
77,38.750,"Johnson, Kaytlyn",2021
77,38.750,"Miller, Savannah",2021
77,38.750,"Moore, Jocelyn",2021
77,38.750,"Smith, Leah",2021
77,38.750,"Thaxton, Paige",2021
77,38.750,"Theodorou, Alex",2021
77,38.750,"Vetter, Tory",2021
77,38.750,"Wilson, Bryce",2021
77,38.750,"Wilson, Bryce",2021
91,38.725,"Hagle, Hannah",2021
91,38.725,"Linker, Moorea",2021
91,38.725,"Linker, Moorea",2021
91,38.725,"Miller, Savannah",2021
91,38.725,"Piedrahita, Ava",2021
91,38.725,"Vulaj, Alyssa",2021
97,38.700,"Buchanan, Samara",2021
97,38.700,"McDonough, Mary",2021
97,38.700,"Pawlak, Kamila",2021
97,38.700,"Scheible, Hannah",2021
97,38.700,"Sievers, Danielle",2021
97,38.700,"Stallings, Hannah",2021
97,38.700,"Ulrich, Madison",2021
,2021
,2021
