Team,Year,VT,UB,BB,FX,Overall
Air Force,2022,58,55,53,49,54
Alabama,2022,5,3,5,7,7
Alaska,2022,69,63,63,65,64
Arizona,2022,45,33,25,27,26
Arizona State,2022,11,18,19,37,22
Arkansas,2022,14,20,16,24,16
Auburn,2022,5,5,4,6,4
Ball State,2022,38,51,43,51,48
Boise State,2022,26,7,34,49,27
Bowling Green,2022,53,58,52,58,56
Bridgeport,2022,74,70,64,75,70
Brockport,2022,64,64,66,63,63
Brown,2022,55,52,61,62,59
BYU,2022,25,23,17,18,24
California,2022,12,10,8,15,11
Centenary College,2022,68,72,70,72,72
Central Michigan,2022,31,40,46,26,37
Cornell,2022,62,65,62,61,62
Cortland State,2022,77,79,79,70,77
Denver,2022,22,12,7,34,13
Eastern Michigan,2022,57,48,51,53,52
Florida,2022,2,2,2,3,2
George Washington,2022,27,41,42,39,39
Georgia,2022,14,27,30,19,30
Gustavus Adolphus,2022,76,75,81,79,80
Hamline,2022,81,81,80,80,81
Illinois,2022,20,16,17,22,19
Illinois State,2022,40,47,58,46,51
Iowa,2022,21,44,27,11,15
Iowa State,2022,14,39,41,30,25
Ithaca College,2022,70,71,72,67,71
Kent State,2022,44,29,39,23,41
Kentucky,2022,9,9,26,13,10
Lindenwood,2022,56,56,49,56,53
LIU,2022,54,54,54,57,55
LSU,2022,3,10,5,8,18
Maryland,2022,18,13,33,40,29
Michigan,2022,1,4,11,1,8
Michigan State,2022,19,15,10,9,9
Minnesota,2022,8,7,22,2,6
Missouri,2022,17,22,13,10,5
Nebraska,2022,34,30,22,48,38
New Hampshire,2022,50,42,47,44,47
North Carolina,2022,39,35,27,38,32
North Carolina State,2022,46,30,20,30,31
Northern Illinois,2022,52,37,45,28,44
Ohio State,2022,23,14,22,16,20
Oklahoma,2022,4,1,3,5,1
Oregon State,2022,10,25,8,14,17
Penn State,2022,35,21,55,25,40
Pennsylvania,2022,49,43,43,55,50
Pittsburgh,2022,47,24,37,47,43
Rhode Island College,2022,79,80,75,74,76
Rutgers,2022,28,50,39,33,46
S.E. Missouri,2022,63,61,56,54,59
Sacramento State,2022,51,59,57,60,58
San Jose State,2022,41,26,32,36,35
Southern Conn.,2022,60,62,65,66,65
Southern Utah,2022,29,16,35,43,28
Springfield College,2022,73,77,74,72,75
Stanford,2022,32,32,31,17,14
Temple,2022,29,45,37,35,45
Texas Woman's,2022,48,57,48,45,49
Towson,2022,32,36,21,41,34
UC Davis,2022,35,49,50,28,42
UCLA,2022,12,19,12,12,12
Ursinus College,2022,75,73,76,77,74
Utah,2022,5,6,1,4,3
Utah State,2022,37,28,14,21,23
UW-Eau Claire,2022,80,78,77,81,79
UW-La Crosse,2022,71,69,69,71,69
UW-Oshkosh,2022,67,67,68,69,67
UW-Stout,2022,72,74,73,76,73
UW-Whitewater,2022,65,66,70,68,66
Washington,2022,24,33,15,42,21
West Chester,2022,60,60,59,52,61
West Virginia,2022,41,38,36,19,33
Western Michigan,2022,43,46,27,30,36
William & Mary,2022,66,68,67,64,68
Winona State,2022,78,76,78,78,78
Yale,2022,59,53,60,59,57
Air Force,2021,52,54,46,50,53
Alabama,2021,5,8,6,13,5
Arizona,2021,41,35,32,32,27
Arizona State,2021,13,12,20,17,9
Arkansas,2021,13,9,11,3,13
Auburn,2021,23,14,14,24,35
Ball State,2021,34,25,45,32,37
Boise State,2021,19,12,31,14,24
Bowling Green,2021,49,51,51,52,50
BYU,2021,19,11,12,10,19
California,2021,9,1,9,6,7
Centenary College,2021,55,55,55,55,55
Central Michigan,2021,21,33,44,14,26
Denver,2021,18,2,8,9,10
Eastern Michigan,2021,40,29,22,37,32
Florida,2021,4,5,1,1,4
George Washington,2021,42,43,49,46,46
Georgia,2021,11,21,24,21,18
Gustavus Adolphus,2021,56,56,56,56,63
Hamline,2021,56,56,56,56,62
Illinois,2021,24,17,14,19,20
Illinois State,2021,36,42,50,36,43
Iowa,2021,16,18,24,4,17
Iowa State,2021,11,23,21,26,21
Kent State,2021,45,25,42,18,31
Kentucky,2021,13,16,13,23,11
Lindenwood,2021,27,39,48,41,44
LIU,2021,54,53,52,54,54
LSU,2021,2,6,7,2,6
Maryland,2021,16,27,38,35,30
Michigan,2021,1,3,4,12,1
Michigan State,2021,56,56,56,56,56
Minnesota,2021,6,7,5,10,8
Missouri,2021,31,28,10,34,14
Nebraska,2021,25,34,22,42,39
New Hampshire,2021,47,36,36,40,38
North Carolina,2021,39,39,28,48,41
North Carolina State,2021,29,24,29,29,15
Northern Illinois,2021,46,29,43,47,45
Ohio State,2021,29,22,24,38,16
Oklahoma,2021,3,4,2,6,2
Oregon State,2021,10,48,18,14,22
Penn State,2021,37,19,33,39,33
Pittsburgh,2021,48,47,39,51,49
Rutgers,2021,34,43,24,49,40
S.E. Missouri,2021,50,50,40,44,47
San Jose State,2021,53,46,53,53,51
Southern Utah,2021,25,20,16,20,23
Stanford,2021,51,52,54,44,52
Temple,2021,32,41,29,22,36
Texas Woman's,2021,44,48,47,43,48
Towson,2021,33,32,34,28,29
UCLA,2021,8,10,19,6,12
Utah,2021,7,15,3,4,3
Utah State,2021,21,29,16,29,25
UW-Eau Claire,2021,56,56,56,56,64
UW-La Crosse,2021,56,56,56,56,58
UW-Oshkosh,2021,56,56,56,56,59
UW-Stout,2021,56,56,56,56,60
UW-Whitewater,2021,56,56,56,56,65
Washington,2021,28,38,40,26,42
West Virginia,2021,42,37,35,25,28
Western Michigan,2021,38,45,37,31,34
William & Mary,2021,56,56,56,56,57
Winona State,2021,56,56,56,56,61
Air Force,2019,47,53,45,60,53
Alabama,2019,9,15,11,7,12
Alaska,2019,67,60,52,63,60
Arizona,2019,41,30,34,24,35
Arizona State,2019,19,20,22,23,25
Arkansas,2019,16,29,15,11,18
Auburn,2019,12,8,21,20,16
Ball State,2019,28,47,55,42,45
Boise State,2019,20,7,7,31,15
Bowling Green,2019,33,61,32,50,52
Bridgeport,2019,44,33,59,38,44
Brockport,2019,65,68,74,59,68
Brown,2019,59,58,66,66,62
BYU,2019,18,18,14,16,21
California,2019,12,12,13,21,11
Centenary College,2019,69,67,63,68,67
Central Michigan,2019,37,39,30,37,33
Cornell,2019,53,59,60,49,59
Cortland State,2019,78,78,77,71,76
Denver,2019,7,5,5,6,4
Eastern Michigan,2019,46,46,38,39,48
Florida,2019,8,3,3,3,10
George Washington,2019,39,36,39,45,32
Georgia,2019,4,11,9,9,8
Gustavus Adolphus,2019,77,75,82,76,80
Hamline,2019,82,81,76,78,78
Illinois,2019,30,23,17,32,23
Illinois State,2019,54,54,62,53,56
Iowa,2019,34,24,40,21,31
Iowa State,2019,17,22,33,39,20
Ithaca College,2019,70,70,72,69,69
Kent State,2019,52,40,36,41,38
Kentucky,2019,10,13,8,14,9
Lindenwood,2019,36,42,35,45,36
LSU,2019,4,4,4,4,2
Maryland,2019,25,24,36,30,30
Michigan,2019,6,10,6,8,5
Michigan State,2019,31,41,50,25,41
Minnesota,2019,11,9,12,13,13
Missouri,2019,22,26,20,16,17
Nebraska,2019,14,16,19,11,14
New Hampshire,2019,40,37,26,32,34
North Carolina,2019,26,57,48,29,49
North Carolina State,2019,34,32,30,35,28
Northern Illinois,2019,49,43,41,19,40
Ohio State,2019,29,19,25,42,29
Oklahoma,2019,1,2,1,2,1
Oregon State,2019,15,20,16,10,6
Penn State,2019,26,17,27,28,24
Pennsylvania,2019,63,56,46,62,57
Pittsburgh,2019,38,50,43,50,43
Rhode Island College,2019,79,82,81,80,82
Rutgers,2019,43,44,55,35,47
S.E. Missouri,2019,66,74,68,70,70
Sacramento State,2019,58,65,54,61,64
San Jose State,2019,56,45,53,54,54
Seattle Pacific,2019,61,64,67,66,66
Southern Conn.,2019,64,66,65,65,65
Southern Utah,2019,23,27,24,34,26
Springfield College,2019,71,76,71,74,73
Stanford,2019,32,31,29,18,22
Temple,2019,49,50,46,47,46
Texas Woman's,2019,54,55,57,55,55
Towson,2019,57,49,61,57,58
UC Davis,2019,45,52,23,48,39
UCLA,2019,3,1,2,1,3
UIC,2019,41,27,44,27,37
Ursinus College,2019,75,80,78,79,77
Utah,2019,2,5,9,5,7
Utah State,2019,48,38,49,44,42
UW-Eau Claire,2019,80,77,80,82,81
UW-La Crosse,2019,76,71,73,77,75
UW-Oshkosh,2019,74,72,70,72,71
UW-Stout,2019,72,69,69,75,71
UW-Whitewater,2019,73,73,75,73,74
Washington,2019,24,13,18,26,19
West Chester,2019,68,62,58,55,61
West Virginia,2019,21,34,42,15,27
Western Michigan,2019,49,35,51,58,50
William & Mary,2019,62,63,64,64,63
Winona State,2019,81,79,79,81,79
Yale,2019,59,48,28,52,51
Air Force,2018,56,50,50,55,57
Alabama,2018,6,5,6,11,8
Alaska,2018,68,69,65,74,69
Arizona,2018,39,28,30,44,38
Arizona State,2018,24,24,23,27,23
Arkansas,2018,25,7,10,20,10
Auburn,2018,15,20,15,25,14
Ball State,2018,33,43,43,46,42
Boise State,2018,14,16,26,14,16
Bowling Green,2018,42,48,27,35,40
Bridgeport,2018,60,46,54,45,55
Brockport,2018,67,71,73,62,68
Brown,2018,62,59,60,64,60
BYU,2018,26,24,25,13,17
California,2018,8,15,12,22,9
Centenary College,2018,72,72,68,68,71
Central Michigan,2018,38,28,42,39,29
Cornell,2018,61,58,61,55,59
Cortland State,2018,70,74,72,69,73
Denver,2018,10,6,13,15,15
Eastern Michigan,2018,50,47,35,49,47
Florida,2018,2,3,4,5,3
George Washington,2018,11,35,11,15,25
Georgia,2018,19,18,13,18,7
Gustavus Adolphus,2018,80,81,82,80,81
Hamline,2018,75,78,79,72,76
Illinois,2018,35,19,15,30,19
Illinois State,2018,63,63,66,65,64
Iowa,2018,37,31,29,35,33
Iowa State,2018,26,30,31,33,24
Ithaca College,2018,73,70,69,71,70
Kent State,2018,45,23,38,23,34
Kentucky,2018,11,13,9,11,12
Lindenwood,2018,48,45,33,55,43
LSU,2018,5,1,3,2,4
Maryland,2018,29,14,36,38,26
Michigan,2018,7,8,5,8,13
Michigan State,2018,53,36,57,53,49
Minnesota,2018,31,10,28,34,22
Missouri,2018,22,27,20,24,20
Nebraska,2018,9,12,21,10,6
New Hampshire,2018,40,32,17,41,31
North Carolina,2018,15,55,48,6,39
North Carolina State,2018,13,34,19,20,20
Northern Illinois,2018,42,37,46,37,41
Ohio State,2018,23,22,38,15,18
Oklahoma,2018,1,2,1,3,2
Oregon State,2018,18,21,18,7,27
Penn State,2018,28,11,40,29,32
Pennsylvania,2018,65,60,59,51,61
Pittsburgh,2018,32,26,43,39,30
Rhode Island College,2018,82,82,81,82,82
Rutgers,2018,52,61,45,48,56
S.E. Missouri,2018,59,64,63,59,63
Sacramento State,2018,54,43,53,54,51
San Jose State,2018,34,52,47,46,50
Seattle Pacific,2018,58,65,64,67,65
Southern Conn.,2018,66,67,67,66,66
Southern Utah,2018,30,32,34,26,35
Springfield College,2018,74,76,76,75,74
Stanford,2018,20,40,22,19,28
Temple,2018,41,56,51,43,48
Texas Woman's,2018,44,54,55,60,52
Towson,2018,46,42,40,50,44
UC Davis,2018,47,51,37,30,45
UCLA,2018,4,4,2,1,1
UIC,2018,51,39,56,58,54
Ursinus College,2018,76,75,74,76,75
Utah,2018,3,9,8,4,5
Utah State,2018,35,49,24,30,37
UW-Eau Claire,2018,78,80,78,78,79
UW-La Crosse,2018,69,66,70,73,67
UW-Oshkosh,2018,81,79,75,81,80
UW-Stout,2018,77,73,80,79,77
UW-Whitewater,2018,71,68,71,70,71
Washington,2018,21,16,7,9,11
West Chester,2018,64,62,62,60,62
West Virginia,2018,17,37,31,28,36
Western Michigan,2018,49,41,49,42,46
William & Mary,2018,55,57,58,63,58
Winona State,2018,79,77,77,77,78
Yale,2018,57,53,52,52,53
Air Force,2017,58,57,56,58,57
Alabama,2017,5,7,4,3,6
Alaska,2017,72,70,61,68,68
Arizona,2017,34,14,39,28,26
Arizona State,2017,49,43,29,54,41
Arkansas,2017,30,34,22,40,19
Auburn,2017,21,16,19,23,15
Ball State,2017,28,47,57,42,43
Boise State,2017,14,5,13,17,13
Bowling Green,2017,23,61,31,43,46
Bridgeport,2017,53,53,43,38,51
Brockport,2017,60,69,70,59,66
Brown,2017,59,58,52,65,60
BYU,2017,30,18,44,34,33
California,2017,16,27,16,21,16
Centenary College,2017,69,71,71,69,70
Central Michigan,2017,27,32,35,22,25
Cornell,2017,65,52,51,55,55
Cortland State,2017,67,77,75,74,74
Denver,2017,7,8,10,16,9
Eastern Michigan,2017,38,14,25,39,27
Florida,2017,2,4,5,5,3
George Washington,2017,17,23,17,25,23
Georgia,2017,10,13,15,8,12
Gustavus Adolphus,2017,80,79,82,79,81
Hamline,2017,77,81,79,75,80
Illinois,2017,36,23,11,15,21
Illinois State,2017,57,60,59,52,58
Iowa,2017,26,19,14,20,18
Iowa State,2017,25,31,31,30,29
Ithaca College,2017,76,78,74,80,77
Kent State,2017,32,34,28,17,34
Kentucky,2017,9,12,12,13,14
Lindenwood,2017,49,56,42,53,50
LSU,2017,1,3,2,2,2
Maryland,2017,38,39,46,37,37
Michigan,2017,6,11,7,5,10
Michigan State,2017,54,42,38,34,40
Minnesota,2017,24,30,40,14,30
Missouri,2017,11,19,18,19,17
Nebraska,2017,13,9,22,11,7
New Hampshire,2017,33,37,19,32,35
North Carolina,2017,37,45,21,41,36
North Carolina State,2017,34,36,48,50,44
Northern Illinois,2017,40,28,55,27,39
Ohio State,2017,20,25,41,26,24
Oklahoma,2017,3,1,1,1,1
Oregon State,2017,12,10,8,10,11
Penn State,2017,45,22,30,29,31
Pennsylvania,2017,66,62,60,56,62
Pittsburgh,2017,41,51,54,44,53
Rhode Island College,2017,82,82,81,82,82
Rutgers,2017,48,59,44,51,49
S.E. Missouri,2017,62,65,68,61,64
Sacramento State,2017,43,41,53,48,46
San Jose State,2017,51,44,47,48,48
Seattle Pacific,2017,55,67,62,66,65
Southern Conn.,2017,70,72,67,67,69
Southern Utah,2017,19,17,24,9,22
Springfield College,2017,74,73,77,72,73
Stanford,2017,14,29,27,46,28
Temple,2017,46,49,57,61,54
Texas Woman's,2017,47,54,49,46,52
Towson,2017,56,50,36,32,45
UC Davis,2017,43,40,37,34,42
UCLA,2017,8,2,3,7,4
UIC,2017,52,46,63,60,56
Ursinus College,2017,75,68,66,73,71
Utah,2017,4,6,6,4,5
Utah State,2017,29,26,26,31,32
UW-Eau Claire,2017,81,75,80,78,78
UW-La Crosse,2017,71,66,72,71,72
UW-Oshkosh,2017,78,80,76,81,79
UW-Stout,2017,73,76,77,76,76
UW-Whitewater,2017,67,63,69,69,66
Washington,2017,22,21,9,12,8
West Chester,2017,63,64,50,57,61
West Virginia,2017,18,37,34,24,20
Western Michigan,2017,42,33,33,45,38
William & Mary,2017,64,55,64,64,63
Winona State,2017,79,74,73,77,75
Yale,2017,61,47,64,63,59
Air Force,2016,64,63,61,67,63
Alabama,2016,5,3,5,6,3
Alaska,2016,54,64,56,60,60
Arizona,2016,29,22,14,30,21
Arizona State,2016,49,58,52,40,51
Arkansas,2016,11,16,14,12,20
Auburn,2016,8,8,12,6,11
Ball State,2016,36,43,48,44,44
Boise State,2016,18,6,23,15,16
Bowling Green,2016,42,34,29,37,36
Bridgeport,2016,50,40,47,46,46
Brockport,2016,70,71,67,63,66
Brown,2016,56,49,61,55,53
BYU,2016,28,32,38,34,34
California,2016,9,19,13,11,7
Centenary College,2016,71,72,59,68,71
Central Michigan,2016,40,24,33,40,33
Cornell,2016,59,61,53,58,56
Cortland State,2016,72,73,74,72,73
Denver,2016,15,10,22,10,15
Eastern Michigan,2016,26,23,20,32,17
Florida,2016,2,2,2,3,4
George Washington,2016,23,26,25,23,24
Georgia,2016,3,9,18,9,6
Gustavus Adolphus,2016,82,81,80,80,81
Hamline,2016,78,79,81,76,79
Illinois,2016,29,39,9,19,25
Illinois State,2016,56,57,49,56,61
Iowa,2016,17,17,23,28,23
Iowa State,2016,32,42,37,28,38
Ithaca College,2016,79,80,78,74,78
Kent State,2016,47,35,35,20,32
Kentucky,2016,22,28,20,27,22
Lindenwood,2016,48,46,46,51,49
LSU,2016,1,5,3,2,2
Maryland,2016,38,38,43,31,39
Michigan,2016,6,7,7,5,13
Michigan State,2016,39,35,50,18,28
Minnesota,2016,12,14,17,13,12
Missouri,2016,12,20,27,22,19
Nebraska,2016,16,14,8,14,8
New Hampshire,2016,43,37,11,40,35
North Carolina,2016,55,53,54,62,52
North Carolina State,2016,29,30,39,39,37
Northern Illinois,2016,44,30,51,43,45
Ohio State,2016,24,26,32,32,29
Oklahoma,2016,3,1,1,1,1
Oregon State,2016,21,10,10,21,14
Penn State,2016,27,17,25,26,26
Pennsylvania,2016,69,65,63,57,64
Pittsburgh,2016,46,44,43,48,48
Rhode Island College,2016,80,82,82,82,82
Rutgers,2016,34,54,41,45,43
S.E. Missouri,2016,62,48,55,54,55
Sacramento State,2016,36,47,39,24,40
San Jose State,2016,45,45,45,47,46
Seattle Pacific,2016,51,62,57,53,54
Southern Conn.,2016,68,69,68,71,70
Southern Utah,2016,25,29,28,16,27
Springfield College,2016,75,76,76,79,75
Stanford,2016,12,13,14,36,10
Temple,2016,60,60,70,61,66
Texas Woman's,2016,52,59,58,65,59
Towson,2016,53,52,42,50,50
UC Davis,2016,41,50,30,35,42
UCLA,2016,10,12,4,8,5
UIC,2016,61,51,66,59,58
Ursinus College,2016,77,70,69,78,72
Utah,2016,7,4,6,4,9
Utah State,2016,33,21,31,37,30
UW-Eau Claire,2016,81,75,77,75,77
UW-La Crosse,2016,67,67,72,70,68
UW-Oshkosh,2016,76,77,75,77,76
UW-Stout,2016,74,78,79,81,80
UW-Whitewater,2016,65,68,71,69,69
Washington,2016,19,25,19,24,18
West Chester,2016,63,66,60,66,65
West Virginia,2016,19,33,36,17,31
Western Michigan,2016,35,41,34,49,41
William & Mary,2016,56,56,65,52,57
Winona State,2016,73,74,73,73,74
Yale,2016,66,55,64,64,62
Air Force,2015,60,63,66,55,62
Alabama,2015,5,5,5,4,4
Alaska,2015,59,62,58,61,61
Arizona,2015,29,17,14,18,17
Arizona State,2015,52,33,51,53,49
Arkansas,2015,14,20,38,14,14
Auburn,2015,8,12,8,11,6
Ball State,2015,45,57,45,40,52
Boise State,2015,18,8,23,27,20
Bowling Green,2015,37,41,35,47,42
Bridgeport,2015,49,45,48,33,46
Brockport,2015,71,67,67,63,68
Brown,2015,58,54,61,52,55
BYU,2015,31,37,49,21,36
California,2015,17,18,35,12,18
Centenary College,2015,69,70,63,62,66
Central Michigan,2015,23,19,29,15,19
Cornell,2015,62,66,64,60,64
Cortland State,2015,75,74,68,73,72
Denver,2015,12,25,16,9,15
Eastern Michigan,2015,44,34,33,40,37
Florida,2015,2,1,3,2,1
George Washington,2015,10,43,44,25,35
Georgia,2015,14,8,11,12,9
Gustavus Adolphus,2015,81,82,82,81,81
Hamline,2015,78,78,80,80,78
Illinois,2015,20,10,10,28,13
Illinois State,2015,61,56,26,58,53
Iowa,2015,26,16,21,31,31
Iowa State,2015,42,32,31,34,29
Ithaca College,2015,77,76,73,79,74
Kent State,2015,35,39,46,37,38
Kentucky,2015,33,27,22,22,24
Lindenwood,2015,48,52,57,48,50
LSU,2015,2,5,4,1,10
Maryland,2015,20,30,33,38,33
Michigan,2015,9,7,6,6,7
Michigan State,2015,39,23,26,16,26
Minnesota,2015,19,23,18,17,23
Missouri,2015,28,25,28,25,21
Nebraska,2015,6,13,15,10,8
New Hampshire,2015,42,31,17,34,32
North Carolina,2015,47,29,35,50,44
North Carolina State,2015,26,34,41,43,25
Northern Illinois,2015,40,40,50,45,45
Ohio State,2015,25,42,30,30,27
Oklahoma,2015,4,3,1,2,3
Oregon State,2015,13,14,12,7,12
Penn State,2015,11,15,13,19,22
Pennsylvania,2015,64,58,55,56,57
Pittsburgh,2015,51,48,53,54,51
Rhode Island College,2015,80,81,81,82,82
Rutgers,2015,35,44,40,36,46
S.E. Missouri,2015,50,53,56,57,56
Sacramento State,2015,46,46,39,43,48
San Jose State,2015,37,47,43,42,41
Seattle Pacific,2015,56,61,54,68,58
Southern Conn.,2015,63,68,70,65,70
Southern Utah,2015,23,20,20,31,16
Springfield College,2015,72,75,75,75,75
Stanford,2015,14,4,9,20,5
Temple,2015,68,72,65,66,66
Texas Woman's,2015,54,55,59,59,59
Towson,2015,53,27,32,38,43
UC Davis,2015,20,50,24,45,39
UCLA,2015,7,11,2,8,11
UIC,2015,55,49,69,68,60
Ursinus College,2015,67,71,60,70,69
Utah,2015,1,1,7,5,2
Utah State,2015,34,34,25,23,30
UW-Eau Claire,2015,78,80,79,74,79
UW-La Crosse,2015,76,69,74,72,73
UW-Oshkosh,2015,82,79,76,77,80
UW-Stout,2015,73,77,77,77,77
UW-Whitewater,2015,66,64,72,71,71
Washington,2015,32,22,18,29,34
West Chester,2015,65,65,71,66,65
West Virginia,2015,30,50,41,23,28
Western Michigan,2015,41,38,47,49,40
William & Mary,2015,57,59,52,51,54
Winona State,2015,74,73,78,76,76
Yale,2015,70,60,62,64,63
Air Force,2014,55,48,45,49,51
Alabama,2014,4,6,3,6,4
Alaska,2014,65,65,69,68,67
Arizona,2014,14,14,19,15,24
Arizona State,2014,26,27,25,17,30
Arkansas,2014,16,17,12,19,15
Auburn,2014,11,16,20,11,20
Ball State,2014,54,59,55,52,55
Boise State,2014,13,10,32,16,19
Bowling Green,2014,34,47,42,37,40
Bridgeport,2014,47,45,59,43,53
Brockport,2014,63,71,72,63,70
Brown,2014,57,55,60,56,57
BYU,2014,24,17,32,28,29
California,2014,17,19,22,21,16
Centenary College,2014,66,70,62,65,65
Central Michigan,2014,22,21,16,13,17
Cornell,2014,59,56,68,62,61
Cortland State,2014,69,72,67,70,71
Denver,2014,17,22,14,23,18
Eastern Michigan,2014,49,54,49,54,46
Florida,2014,5,2,1,2,1
George Washington,2014,30,35,52,35,42
Georgia,2014,6,1,6,10,5
Gustavus Adolphus,2014,82,82,82,82,82
Hamline,2014,76,79,79,79,79
Illinois,2014,19,13,9,13,11
Illinois State,2014,62,49,61,67,60
Iowa,2014,37,42,47,34,38
Iowa State,2014,46,40,30,30,21
Ithaca College,2014,80,80,80,80,80
Kent State,2014,29,37,35,25,28
Kentucky,2014,21,28,40,18,21
Lindenwood,2014,58,61,51,58,58
LSU,2014,1,5,4,4,3
Maryland,2014,37,28,40,33,32
Michigan,2014,7,8,17,4,10
Michigan State,2014,41,43,29,29,39
Minnesota,2014,8,25,13,7,14
Missouri,2014,42,26,38,41,41
Nebraska,2014,9,12,11,12,6
New Hampshire,2014,31,39,17,22,25
North Carolina,2014,53,32,36,53,44
North Carolina State,2014,23,46,23,27,31
Northern Illinois,2014,50,58,39,48,49
Ohio State,2014,27,20,21,25,23
Oklahoma,2014,2,3,1,3,1
Oregon State,2014,20,11,8,19,13
Penn State,2014,14,15,14,9,12
Pennsylvania,2014,64,67,63,64,63
Pittsburgh,2014,36,52,34,40,43
Rhode Island College,2014,81,81,81,81,81
Rutgers,2014,34,37,28,36,35
S.E. Missouri,2014,44,33,58,47,48
Sacramento State,2014,33,51,43,46,45
San Jose State,2014,37,41,31,31,33
Seattle Pacific,2014,56,53,56,45,54
Southern Conn.,2014,67,68,66,60,68
Southern Utah,2014,31,23,26,37,26
Springfield College,2014,77,75,78,73,76
Stanford,2014,9,9,5,23,9
Temple,2014,60,63,57,59,62
Texas Woman's,2014,51,44,47,50,47
Towson,2014,61,60,54,57,59
UC Davis,2014,45,33,27,42,34
UCLA,2014,12,6,6,7,8
UIC,2014,43,36,53,50,52
Ursinus College,2014,74,74,73,74,73
Utah,2014,3,4,9,1,7
Utah State,2014,25,31,37,32,36
UW-Eau Claire,2014,79,76,75,75,76
UW-La Crosse,2014,71,69,71,71,72
UW-Oshkosh,2014,78,73,74,77,74
UW-Stout,2014,73,77,76,78,78
UW-Whitewater,2014,70,63,69,72,69
Washington,2014,40,24,23,39,26
West Chester,2014,68,65,64,66,66
West Virginia,2014,28,28,43,43,37
Western Michigan,2014,48,50,45,55,50
William & Mary,2014,52,57,50,61,56
Winona State,2014,75,78,77,76,75
Yale,2014,72,62,65,69,64
Air Force,2013,57,49,63,56,56
Alabama,2013,2,7,3,1,3
Alaska,2013,57,61,55,69,62
Arizona,2013,21,16,20,17,17
Arizona State,2013,38,28,25,30,24
Arkansas,2013,16,14,22,9,10
Auburn,2013,18,18,7,14,13
Ball State,2013,41,50,59,49,51
Boise State,2013,14,14,35,17,23
Bowling Green,2013,42,55,48,28,48
Bridgeport,2013,18,43,39,22,34
Brockport,2013,68,70,68,71,70
Brown,2013,56,63,51,61,61
BYU,2013,29,22,39,38,33
California,2013,18,34,46,23,28
Centenary College,2013,67,64,66,63,66
Central Michigan,2013,28,25,26,24,25
Cornell,2013,59,58,65,59,60
Cortland State,2013,70,77,72,67,71
Denver,2013,12,12,15,12,20
Eastern Michigan,2013,34,52,57,44,49
Florida,2013,3,1,1,1,1
George Washington,2013,47,47,32,40,39
Georgia,2013,8,3,4,10,6
Gustavus Adolphus,2013,80,81,81,81,81
Hamline,2013,75,80,75,80,79
Illinois,2013,30,20,13,13,11
Illinois State,2013,53,37,45,55,46
Iowa,2013,27,16,42,21,30
Iowa State,2013,51,27,31,35,27
Ithaca College,2013,78,71,80,79,77
Kent State,2013,23,24,29,32,36
Kentucky,2013,25,21,16,29,21
Lindenwood,2013,66,65,60,66,63
LSU,2013,1,11,12,5,5
Maryland,2013,15,41,23,16,22
Michigan,2013,4,4,8,4,7
Michigan State,2013,31,51,28,42,37
Minnesota,2013,11,29,11,8,8
Missouri,2013,43,36,26,48,43
Nebraska,2013,6,6,5,10,14
New Hampshire,2013,44,44,37,26,41
North Carolina,2013,49,26,29,38,35
North Carolina State,2013,26,34,24,34,26
Northern Illinois,2013,54,54,43,45,50
Ohio State,2013,24,23,18,25,18
Oklahoma,2013,6,2,1,1,2
Oregon State,2013,10,5,10,19,16
Penn State,2013,17,13,19,15,15
Pennsylvania,2013,61,60,52,64,59
Pittsburgh,2013,33,32,36,30,32
Rhode Island College,2013,82,82,82,82,82
Rutgers,2013,37,37,41,37,44
S.E. Missouri,2013,55,33,54,50,47
Sacramento State,2013,36,37,38,43,38
San Jose State,2013,48,40,33,41,40
Seattle Pacific,2013,64,59,62,57,58
Southern Conn.,2013,63,67,67,60,67
Southern Utah,2013,35,30,34,45,31
Springfield College,2013,74,76,77,78,76
Stanford,2013,13,9,8,19,12
Temple,2013,65,66,49,62,65
Texas Woman's,2013,50,57,47,47,55
Towson,2013,52,56,53,51,53
UC Davis,2013,46,41,44,36,42
UCLA,2013,9,9,6,6,4
UIC,2013,40,45,61,54,52
Ursinus College,2013,72,75,76,77,74
Utah,2013,5,8,14,7,9
Utah State,2013,39,48,50,58,54
UW-Eau Claire,2013,79,78,73,73,78
UW-La Crosse,2013,76,74,71,72,72
UW-Oshkosh,2013,81,79,79,76,80
UW-Stout,2013,73,72,78,75,73
UW-Whitewater,2013,69,69,70,70,68
Washington,2013,31,18,16,33,19
West Chester,2013,71,68,69,68,69
West Virginia,2013,21,46,21,26,29
Western Michigan,2013,44,31,55,53,45
William & Mary,2013,60,53,57,52,57
Wilson College,2013,83,83,83,83,
Winona State,2013,77,73,74,74,75
Yale,2013,62,62,64,65,64
Air Force,2012,62,53,60,60,59
Alabama,2012,2,6,4,3,1
Alaska,2012,63,63,67,67,65
Arizona,2012,21,15,14,15,22
Arizona State,2012,33,33,24,28,27
Arkansas,2012,6,7,15,9,6
Auburn,2012,25,10,17,19,15
Ball State,2012,58,44,57,50,52
Boise State,2012,10,11,16,24,14
Bowling Green,2012,45,57,50,45,48
Bridgeport,2012,36,48,30,17,38
Brockport,2012,69,69,68,66,69
Brown,2012,61,63,62,54,62
BYU,2012,37,36,31,39,37
California,2012,47,41,44,58,49
Centenary College,2012,55,65,64,57,61
Central Michigan,2012,30,31,37,36,34
Cornell,2012,65,61,58,68,63
Cortland State,2012,64,68,69,62,68
Denver,2012,19,17,26,13,23
Eastern Michigan,2012,51,52,53,55,53
Florida,2012,4,1,1,7,2
George Washington,2012,48,54,51,42,51
Georgia,2012,9,3,5,4,11
Gustavus Adolphus,2012,78,81,80,79,80
Hamline,2012,79,78,77,80,78
Illinois,2012,28,23,13,20,18
Illinois State,2012,45,43,41,51,43
Iowa,2012,22,13,43,36,26
Iowa State,2012,29,30,22,27,35
Ithaca College,2012,74,71,70,72,70
Kent State,2012,17,24,38,34,33
Kentucky,2012,24,26,20,32,25
LSU,2012,6,14,11,10,9
Maryland,2012,27,31,39,23,28
Michigan,2012,11,18,25,28,13
Michigan State,2012,31,33,32,49,32
Minnesota,2012,16,27,21,16,24
Missouri,2012,17,21,19,14,20
Nebraska,2012,3,2,9,5,8
New Hampshire,2012,35,39,27,31,31
North Carolina,2012,31,38,29,42,30
North Carolina State,2012,23,21,18,21,17
Northern Illinois,2012,49,50,42,30,46
Ohio State,2012,12,16,11,10,10
Oklahoma,2012,5,4,2,1,7
Oregon State,2012,15,7,6,8,12
Penn State,2012,13,19,10,12,16
Pennsylvania,2012,59,46,55,63,55
Pittsburgh,2012,37,45,33,35,40
Rhode Island College,2012,81,80,81,81,81
Rutgers,2012,50,59,47,46,54
S.E. Missouri,2012,56,55,55,61,56
Sacramento State,2012,40,47,40,32,41
San Jose State,2012,44,40,36,18,36
Seattle Pacific,2012,60,60,59,53,58
Southern Conn.,2012,66,66,66,64,66
Southern Utah,2012,39,35,34,47,42
Springfield College,2012,72,74,75,71,73
Stanford,2012,14,9,7,26,4
Temple,2012,57,62,54,55,60
Texas Woman's,2012,43,42,49,41,45
Towson,2012,42,51,46,40,44
UC Davis,2012,53,55,47,52,50
UCLA,2012,1,5,3,2,3
UIC,2012,41,24,35,48,29
Ursinus College,2012,70,72,73,73,71
Utah,2012,6,12,8,6,5
Utah State,2012,52,29,45,44,47
UW-Eau Claire,2012,77,77,74,75,75
UW-La Crosse,2012,71,70,71,74,74
UW-Oshkosh,2012,80,79,79,78,79
UW-Stout,2012,76,75,78,77,76
UW-Whitewater,2012,73,73,72,69,72
Washington,2012,25,20,23,24,18
West Chester,2012,68,66,63,70,67
West Virginia,2012,20,28,27,21,21
Western Michigan,2012,33,37,52,38,39
William & Mary,2012,54,49,65,59,57
Wilson College,2012,82,82,82,82,82
Winona State,2012,75,76,76,76,77
Yale,2012,67,58,61,65,64
Air Force,2011,54,51,55,66,58
Alabama,2011,1,4,3,2,1
Alaska,2011,59,58,62,64,62
Arizona,2011,18,21,19,34,21
Arizona State,2011,31,35,46,32,38
Arkansas,2011,9,22,13,11,10
Auburn,2011,30,23,18,25,19
Ball State,2011,45,48,40,40,48
Boise State,2011,11,13,15,18,13
Bowling Green,2011,56,61,63,53,57
Bridgeport,2011,51,53,47,49,53
Brockport,2011,70,67,67,71,68
Brown,2011,64,57,64,60,63
BYU,2011,25,20,24,36,27
Cal State-Fullerton,2011,58,63,60,62,64
California,2011,57,45,44,50,50
Centenary College,2011,53,56,65,63,56
Central Michigan,2011,26,26,26,24,23
Cornell,2011,54,52,59,56,55
Cortland State,2011,65,73,74,67,71
Denver,2011,13,18,29,16,17
Eastern Michigan,2011,47,59,54,61,54
Florida,2011,2,2,2,1,7
George Washington,2011,50,49,38,48,42
Georgia,2011,6,5,4,12,9
Gustavus Adolphus,2011,81,81,81,81,81
Hamline,2011,74,79,80,78,78
Illinois,2011,18,17,11,8,11
Illinois State,2011,41,47,43,41,45
Iowa,2011,23,11,16,28,28
Iowa State,2011,32,14,25,15,24
Ithaca College,2011,71,72,71,72,73
Kent State,2011,24,15,20,35,12
Kentucky,2011,18,29,32,25,25
LSU,2011,15,24,23,19,20
Maryland,2011,18,32,28,33,35
Michigan,2011,4,12,9,3,6
Michigan State,2011,37,30,37,41,34
Minnesota,2011,32,19,14,19,22
Missouri,2011,29,31,33,29,32
Nebraska,2011,3,6,21,7,4
New Hampshire,2011,27,25,27,30,30
North Carolina,2011,43,37,34,44,29
North Carolina State,2011,28,26,29,17,26
Northern Illinois,2011,61,42,42,57,49
Ohio State,2011,16,28,10,13,16
Oklahoma,2011,9,10,1,4,3
Oregon State,2011,8,1,7,10,8
Penn State,2011,22,8,12,9,14
Pennsylvania,2011,66,65,51,59,60
Pittsburgh,2011,38,43,49,52,46
Rhode Island College,2011,83,83,83,83,83
Rutgers,2011,40,50,41,25,41
S.E. Missouri,2011,42,40,31,43,39
Sacramento State,2011,48,55,52,45,51
San Jose State,2011,34,33,39,31,31
Seattle Pacific,2011,63,60,61,54,61
Southern Conn.,2011,67,64,72,65,66
Southern Utah,2011,36,38,17,22,33
Springfield College,2011,79,80,79,80,80
Stanford,2011,7,9,5,6,15
Temple,2011,59,62,58,55,59
Texas Woman's,2011,35,44,55,51,43
Towson,2011,51,54,50,39,52
UC Davis,2011,48,39,48,37,43
UCLA,2011,5,7,6,4,2
UIC,2011,39,46,45,46,40
Ursinus College,2011,75,77,68,76,74
Utah,2011,12,3,8,14,5
Utah State,2011,46,41,53,47,47
UW-Eau Claire,2011,76,75,75,79,77
UW-La Crosse,2011,69,68,70,68,67
UW-Oshkosh,2011,80,78,78,74,79
UW-Stout,2011,77,76,76,75,75
UW-Whitewater,2011,68,69,66,69,69
Washington,2011,14,16,22,23,18
West Chester,2011,72,70,73,73,72
West Virginia,2011,17,34,35,21,36
Western Michigan,2011,44,36,36,38,37
William & Mary,2011,62,66,57,57,65
Wilson College,2011,82,82,82,82,82
Winona State,2011,73,74,77,77,76
Yale,2011,77,71,69,70,70
Air Force,2010,60,58,61,63,59
Alabama,2010,1,3,3,2,3
Alaska,2010,53,68,62,54,62
Arizona,2010,17,25,23,26,20
Arizona State,2010,27,28,40,21,32
Arkansas,2010,11,13,9,12,11
Auburn,2010,20,14,11,28,19
Ball State,2010,49,45,43,40,43
Boise State,2010,14,20,27,28,17
Bowling Green,2010,46,44,48,43,46
Bridgeport,2010,45,53,42,34,53
Brockport,2010,68,66,68,68,68
Brown,2010,69,65,60,59,66
BYU,2010,29,30,24,36,33
Cal State-Fullerton,2010,47,39,56,60,50
California,2010,58,57,54,55,55
Centenary College,2010,59,64,67,61,64
Central Michigan,2010,21,31,22,19,22
Cornell,2010,56,59,58,57,56
Cortland State,2010,67,71,71,72,70
Denver,2010,24,23,17,25,15
Eastern Michigan,2010,52,50,50,52,51
Florida,2010,4,5,4,7,5
George Washington,2010,48,54,50,38,47
Georgia,2010,10,4,2,6,13
Gustavus Adolphus,2010,79,80,82,80,80
Hamline,2010,82,83,80,81,83
Illinois,2010,18,10,10,13,16
Illinois State,2010,44,42,33,43,41
Iowa,2010,36,22,24,35,27
Iowa State,2010,23,17,16,20,24
Ithaca College,2010,73,73,73,70,72
Kent State,2010,26,25,38,22,28
Kentucky,2010,16,18,28,14,21
LSU,2010,8,8,8,15,9
Maryland,2010,28,38,29,32,36
Michigan,2010,9,10,7,9,10
Michigan State,2010,30,29,19,27,29
Minnesota,2010,39,18,20,37,25
Missouri,2010,15,15,17,9,12
Nebraska,2010,5,16,15,11,7
New Hampshire,2010,32,33,32,23,30
North Carolina,2010,35,34,36,31,31
North Carolina State,2010,24,27,36,18,34
Northern Illinois,2010,55,46,49,53,48
Ohio State,2010,34,35,30,39,35
Oklahoma,2010,1,2,1,4,2
Oregon State,2010,13,7,6,5,8
Penn State,2010,6,9,14,17,14
Pennsylvania,2010,66,60,59,67,61
Pittsburgh,2010,19,43,44,42,38
Rhode Island College,2010,81,82,81,83,82
Rutgers,2010,51,62,57,51,57
S.E. Missouri,2010,38,41,41,47,40
Sacramento State,2010,50,40,34,46,42
San Jose State,2010,39,37,39,24,37
Seattle Pacific,2010,63,55,65,64,63
Southern Conn.,2010,64,61,66,66,67
Southern Utah,2010,22,24,20,16,18
Springfield College,2010,70,75,74,69,73
Stanford,2010,12,6,12,3,4
Temple,2010,62,67,55,62,60
Texas Woman's,2010,39,48,45,48,44
Towson,2010,37,52,46,50,45
UC Davis,2010,42,36,34,41,39
UCLA,2010,3,1,4,1,1
UIC,2010,43,51,53,45,49
Ursinus College,2010,76,70,77,74,74
Utah,2010,7,12,13,8,6
Utah State,2010,53,46,52,56,54
UW-Eau Claire,2010,78,79,78,78,79
UW-La Crosse,2010,72,72,69,71,69
UW-Oshkosh,2010,80,74,79,77,78
UW-Stout,2010,77,78,76,79,77
UW-Whitewater,2010,71,69,70,75,71
Washington,2010,33,21,26,30,23
West Chester,2010,75,77,75,73,76
West Virginia,2010,31,32,31,33,26
Western Michigan,2010,61,48,47,49,52
William & Mary,2010,57,56,64,65,58
Wilson College,2010,83,81,83,82,81
Winona State,2010,74,76,72,76,75
Yale,2010,65,63,62,58,65
Air Force,2009,55,63,65,62,61
Alabama,2009,3,5,4,4,2
Alaska,2009,45,55,56,52,51
Arizona,2009,20,27,23,21,24
Arizona State,2009,32,37,19,34,32
Arkansas,2009,6,10,16,5,5
Auburn,2009,10,11,11,8,16
Ball State,2009,44,46,51,57,52
Boise State,2009,21,22,26,18,20
Bowling Green,2009,51,47,48,50,48
Bridgeport,2009,58,58,55,56,59
Brockport,2009,68,68,67,69,68
Brown,2009,67,65,64,64,65
BYU,2009,51,53,45,53,50
Cal State-Fullerton,2009,33,42,52,45,42
California,2009,57,60,47,60,57
Centenary College,2009,59,50,63,55,56
Central Michigan,2009,34,23,35,32,23
Cornell,2009,50,61,57,49,55
Cortland State,2009,64,72,74,78,74
Denver,2009,27,30,12,27,18
Eastern Michigan,2009,46,51,49,48,44
Florida,2009,8,3,8,3,4
George Washington,2009,43,44,44,39,43
Georgia,2009,4,1,1,1,1
Gustavus Adolphus,2009,80,79,80,80,80
Hamline,2009,73,82,78,74,78
Illinois,2009,18,17,13,15,12
Illinois State,2009,47,48,41,37,46
Iowa,2009,22,28,32,19,33
Iowa State,2009,36,18,24,25,19
Ithaca College,2009,76,66,73,68,70
Kent State,2009,18,32,36,14,21
Kentucky,2009,14,24,25,22,30
LSU,2009,5,4,9,12,6
Maryland,2009,37,35,30,35,36
Michigan,2009,24,13,20,9,14
Michigan State,2009,31,28,27,17,22
Minnesota,2009,38,15,10,31,28
Missouri,2009,11,19,15,16,13
MIT,2009,77,73,75,76,76
Nebraska,2009,15,14,17,6,17
New Hampshire,2009,26,25,34,38,34
North Carolina,2009,25,20,22,42,29
North Carolina State,2009,16,31,37,30,31
Northern Illinois,2009,42,43,39,44,40
Ohio State,2009,30,16,21,24,14
Oklahoma,2009,9,9,6,7,10
Oregon State,2009,12,8,5,10,11
Penn State,2009,12,12,18,20,9
Pennsylvania,2009,66,59,54,70,62
Pittsburgh,2009,27,39,30,36,38
Rhode Island College,2009,83,83,81,81,83
Rutgers,2009,62,67,60,61,64
S.E. Missouri,2009,40,36,38,27,37
Sacramento State,2009,49,40,29,43,39
San Jose State,2009,35,26,43,23,27
Seattle Pacific,2009,63,57,68,51,63
Southern Conn.,2009,71,64,62,65,66
Southern Utah,2009,27,32,14,26,35
Springfield College,2009,70,76,77,72,75
Stanford,2009,7,6,3,12,8
Temple,2009,60,56,45,59,58
Texas Woman's,2009,47,45,50,54,49
Towson,2009,41,54,40,40,45
UC Davis,2009,53,48,58,47,54
UCLA,2009,1,7,7,11,7
UIC,2009,39,41,42,41,41
Ursinus College,2009,72,70,72,73,72
Utah,2009,2,2,2,2,3
Utah State,2009,54,38,53,46,47
UW-Eau Claire,2009,81,80,83,82,81
UW-La Crosse,2009,65,71,70,66,67
UW-Oshkosh,2009,82,81,82,83,82
UW-Stout,2009,79,78,76,79,77
UW-Whitewater,2009,68,69,69,71,69
Washington,2009,23,34,28,33,26
West Chester,2009,78,77,79,77,79
West Virginia,2009,17,21,33,29,25
Western Michigan,2009,55,52,59,57,53
William & Mary,2009,61,62,61,63,60
Wilson College,2009,84,84,84,84,84
Winona State,2009,74,75,71,75,73
Yale,2009,75,74,66,67,71
